Date,F1,F2,F3,F4,F5,F6,F7,F8,F9
2/7/11,16.95,18.45,19.6,20.4,21.15,21.95,22.5,23.05,0
2/8/11,16.85,18.2,19.35,20.05,20.85,21.65,22.15,22.75,0
2/9/11,16.85,18.25,19.3,20.05,20.8,21.6,22.1,22.7,0
2/10/11,16.9,18.3,19.3,19.95,20.6,21.3,21.75,22.3,0
2/11/11,16.6,18.05,19.15,19.85,20.45,21.15,21.55,22.1,0
2/14/11,16.45,17.85,18.95,19.75,20.4,21.1,21.5,22.05,0
2/15/11,16.7,18.05,19,19.9,20.55,21.25,21.6,22.15,0
2/16/11,18.3,19.35,20.15,20.7,21.4,21.65,22.2,22.15,0
2/17/11,18.45,19.65,20.5,21.1,21.7,21.95,22.45,22.15,0
2/18/11,18.6,19.8,20.8,21.45,21.95,22.2,22.7,22.15,0
2/22/11,21.15,21.6,22.3,22.75,23.2,23.35,23.75,24,0
2/23/11,22.25,22.55,23.1,23.4,23.8,23.95,24.35,24.55,0
2/24/11,21.85,22.35,23,23.3,23.75,23.95,24.35,24.55,0
2/25/11,20.15,21.15,22.05,22.55,23.1,23.35,23.75,24,0
2/28/11,19.2,20.3,21.45,22,22.6,23,23.45,23.75,0
3/1/11,21.2,21.7,22.5,22.9,23.45,23.8,24.25,24.45,0
3/2/11,21.1,21.6,22.4,22.85,23.45,23.75,24.2,24.45,0
3/3/11,19.7,20.7,21.65,22.1,22.85,23.15,23.65,23.85,0
3/4/11,20.05,21.15,22.05,22.5,23.15,23.45,24,24.2,0
3/7/11,21.05,21.8,22.6,23,23.65,23.95,24.5,24.65,0
3/8/11,20.45,21.4,22.4,22.85,23.55,23.8,24.45,24.6,0
3/9/11,21.05,21.8,22.65,23.1,23.75,24,24.65,24.8,0
3/10/11,22.25,22.7,23.35,23.8,24.4,24.6,25.25,25.35,0
3/11/11,21.3,22.05,22.9,23.3,24.05,24.2,24.85,24.95,0
3/14/11,21.7,22.3,23.1,23.55,24.25,24.45,25.15,25.25,0
3/15/11,24.6,23.45,23.75,24.15,24.75,24.9,25.6,25.65,0
3/16/11,24.9,25.15,25.2,25.8,25.9,26.5,26.7,25.65,0
3/17/11,24.15,24.4,24.6,25,25.05,25.6,25.85,25.65,0
3/18/11,23.35,23.65,23.9,24.2,24.25,24.75,25,25.65,0
3/21/11,21.6,22.3,22.75,23.05,23.2,23.8,24.1,23.95,0
3/22/11,21.5,22.25,22.8,23.1,23.3,23.9,24.2,24.3,0
3/23/11,20.5,21.6,22.35,22.8,23.05,23.7,24.05,24.1,0
3/24/11,19.95,21.05,21.9,22.45,22.8,23.45,23.95,24,0
3/25/11,19.75,21.05,21.9,22.55,22.9,23.65,24.15,24.35,0
3/28/11,20.3,21.55,22.2,22.75,23,23.75,24.3,24.45,0
3/29/11,19.6,20.95,21.75,22.25,22.65,23.4,24,24.15,0
3/30/11,19.25,20.7,21.45,21.95,22.35,23.1,23.7,23.85,0
3/31/11,19.3,20.8,21.5,22,22.4,23.2,23.8,24,0
4/1/11,19.05,20.55,21.4,21.95,22.4,23.15,23.85,23.95,0
4/4/11,18.7,20.25,21.15,21.7,22.15,23,23.7,23.9,0
4/5/11,18.55,20.15,21.1,21.75,22.2,23,23.65,23.9,0
4/6/11,18.35,20.15,21.1,21.75,22.25,23.05,23.7,23.95,0
4/7/11,18.4,20.35,21.3,21.95,22.45,23.25,23.9,24.1,0
4/8/11,18.65,20.65,21.6,22.3,22.8,23.6,24.25,24.45,0
4/11/11,18.4,20.45,21.55,22.3,22.9,23.7,24.35,24.55,0
4/12/11,18.7,20.7,21.7,22.5,23.05,23.75,24.35,24.55,0
4/13/11,18.3,20.35,21.45,22.3,22.85,23.6,24.3,24.55,0
4/14/11,17.9,20.15,21.4,22.25,22.85,23.6,24.3,24.5,0
4/15/11,16.75,19.65,21.15,22.05,22.7,23.5,24.2,24.5,0
4/18/11,17.3,20.2,21.7,22.45,23.1,23.8,24.5,24.75,0
4/19/11,16,19.1,21.05,21.9,22.75,23.5,24.2,24.5,0
4/20/11,18.15,20.35,21.55,22.25,23.05,23.8,24.3,24.5,0
4/21/11,17.9,20,21.4,22,22.9,23.65,24.15,24.5,0
4/25/11,17.45,19.6,21,21.65,22.65,23.5,24.05,24.5,0
4/26/11,17.3,19.2,20.65,21.35,22.5,23.25,23.5,23.35,0
4/27/11,17,18.75,20.25,20.95,22.3,23,23.2,23.15,0
4/28/11,16.75,18.4,19.9,20.65,22,22.75,23.05,23.05,0
4/29/11,16.7,18.35,19.65,20.4,21.65,22.55,22.9,22.9,0
5/2/11,17.25,18.8,20.15,20.85,22.15,23.05,23.25,23.2,0
5/3/11,17.7,19.35,20.6,21.25,22.45,23.2,23.45,23.35,0
5/4/11,17.95,19.55,20.8,21.35,22.55,23.3,23.55,23.4,0
5/5/11,18.3,19.8,20.95,21.5,22.7,23.5,23.65,23.55,0
5/6/11,18.15,19.55,20.75,21.35,22.55,23.3,23.55,23.45,0
5/9/11,17.45,18.85,20.3,20.95,22.15,22.85,23.1,23.05,0
5/10/11,16.65,18.2,19.75,20.55,21.75,22.45,22.6,22.6,0
5/11/11,17.2,18.65,20.2,20.9,22.05,22.7,22.9,22.85,0
5/12/11,16.65,18.35,20,20.7,21.9,22.55,22.75,22.65,0
5/13/11,17.35,18.65,20.25,20.95,22.15,22.8,22.95,22.85,0
5/16/11,18,19.05,20.5,21.2,22.3,22.9,23.1,23,0
5/17/11,17.75,18.7,20.2,20.9,22.1,22.8,23.05,22.95,0
5/18/11,18.05,19.75,20.65,21.85,22.55,22.75,22.75,0,0
5/19/11,17.65,19.6,20.6,21.85,22.65,22.85,22.9,0,0
5/20/11,18.05,20,21.1,22.45,23.3,23.5,23.45,0,0
5/23/11,18.55,20.3,21.3,22.6,23.55,23.75,23.75,0,0
5/24/11,18.3,20.15,21.2,22.4,23.45,23.65,23.7,24.25,0
5/25/11,17.95,19.9,21,22.15,23.2,23.5,23.6,24.25,0
5/26/11,17.45,19.35,20.45,21.65,22.75,23.05,23.2,23.9,0
5/27/11,17.1,19.05,20.1,21.2,22.3,22.7,22.85,23.6,0
5/31/11,16.55,18.55,19.6,20.75,21.9,22.3,22.45,23.3,0
6/1/11,17.95,19.55,20.4,21.4,22.5,22.9,23.1,23.8,0
6/2/11,17.8,19.35,20.3,21.3,22.4,22.8,23.05,23.85,0
6/3/11,17.95,19.45,20.4,21.45,22.55,22.95,23.2,24.05,0
6/6/11,18.2,19.65,20.6,21.65,22.7,23.2,23.45,24.25,0
6/7/11,18.1,19.35,20.3,21.45,22.5,23.05,23.3,24.2,0
6/8/11,18.5,19.55,20.5,21.65,22.65,23.15,23.4,24.25,0
6/9/11,17.75,19,19.95,21.25,22.2,22.7,23,23.9,0
6/10/11,18.9,19.6,20.5,21.75,22.7,23.15,23.4,24.3,0
6/13/11,19.55,20,20.65,21.75,22.75,23.25,23.5,24.45,0
6/14/11,18.2,19.2,19.95,21.05,22.05,22.55,22.9,23.9,0
6/15/11,20.95,21.25,22.25,23.05,23.45,23.75,24.75,23.9,0
6/16/11,21.95,22.3,23.35,24,24.25,24.45,25.5,23.9,0
6/17/11,21.45,22,23.2,23.75,24.05,24.25,25.25,23.9,0
6/20/11,20.45,21.15,22.55,23.2,23.55,23.85,24.85,23.9,0
6/21/11,19.95,20.8,22.25,23,23.3,23.55,24.65,24.95,0
6/22/11,20.3,21.1,22.6,23.35,23.65,23.8,24.95,25.15,0
6/23/11,19.85,20.8,22.5,23.25,23.55,23.8,24.95,25.25,0
6/24/11,21.05,21.55,23.1,23.75,24,24.2,25.4,25.65,0
6/27/11,20.6,21,22.65,23.4,23.75,23.85,25.2,25.45,0
6/28/11,19.5,20.2,22.1,23.1,23.4,23.6,25.05,25.35,0
6/29/11,18.5,19.35,21.5,22.6,23.05,23.2,24.75,25.05,0
6/30/11,17.7,18.75,20.75,22,22.55,22.7,24.3,24.6,0
7/1/11,16.95,17.95,19.9,21,21.55,21.75,23.2,23.7,0
7/5/11,16.95,18.1,20,21,21.6,21.85,23.35,23.8,0
7/6/11,17.25,18.35,20.1,20.95,21.45,21.65,23.3,23.7,0
7/7/11,16.75,17.85,19.5,20.4,20.9,21.1,22.75,23.15,0
7/8/11,17.1,18.25,19.85,20.65,21.2,21.4,22.9,23.35,0
7/11/11,18.85,19.6,20.8,21.5,22.05,22.15,23.55,24.05,0
7/12/11,19.6,20,21.35,22.1,22.55,22.65,24.1,24.45,0
7/13/11,19.9,20.05,21.45,22.1,22.55,22.65,24.05,24.5,0
7/14/11,20.65,20.65,21.9,22.6,22.9,22.95,24.35,24.75,0
7/15/11,20.15,20.2,21.6,22.25,22.55,22.65,24,24.4,0
7/18/11,21.15,21,22.15,22.75,23,23.05,24.35,24.65,0
7/19/11,19.25,19.75,21.3,21.95,22.3,22.45,23.7,24.15,0
7/20/11,19.35,21,21.8,22.05,22.25,23.55,24,0,0
7/21/11,18.35,20.05,21.25,21.5,21.7,23,23.45,0,0
7/22/11,18.25,19.9,21.05,21.4,21.65,22.95,23.45,0,0
7/25/11,19.35,20.3,21.5,21.8,21.95,23.25,23.8,0,0
7/26/11,19.65,20.7,21.8,22,22.1,23.35,23.9,24.05,0
7/27/11,21.3,21.75,22.55,22.6,22.7,24,24.45,24.65,0
7/28/11,21.35,21.7,22.55,22.55,22.6,23.85,24.4,24.65,0
7/29/11,21.1,21.1,21.9,21.95,22.05,23.2,23.8,24.05,0
8/1/11,20.7,20.6,21.3,21.5,21.5,22.75,23.35,23.8,0
8/2/11,22.3,22,22.25,22.35,22.35,23.6,24.1,24.4,0
8/3/11,22,21.85,22.05,22.15,22.15,23.45,23.95,24.3,0
8/4/11,27.45,25.9,25.1,24.55,24.05,25.35,25.7,25.6,0
8/5/11,29.15,26.2,25.75,25.15,24.25,25.65,25.9,26.1,0
8/8/11,36.55,30.2,29.1,27.65,26.05,27.35,27.55,27.5,0
8/9/11,30.5,25.4,25.3,24.8,24.05,25.4,25.75,26,0
8/10/11,36,28.75,28.3,27.4,26.3,27.55,27.8,27.8,0
8/11/11,35.15,27.65,27.1,26.6,25.55,26.8,27.2,27.35,0
8/12/11,35,27.85,26.9,26.4,25.4,26.65,26.85,27,0
8/15/11,32.1,26.7,25.95,25.45,24.5,25.7,25.8,25.95,0
8/16/11,33.65,26.9,26.25,25.65,24.75,25.85,26,26.15,0
8/17/11,27.95,26.8,26,24.9,26.1,26.2,26.3,0,0
8/18/11,33.4,30.2,29.2,27.8,28.85,28.85,29.05,0,0
8/19/11,35.35,31.6,30.35,28.7,29.7,29.65,29.65,0,0
8/22/11,36.45,32.65,31,29.1,30.05,29.9,29.85,0,0
8/23/11,34.3,31.75,30.6,28.9,29.9,29.85,29.8,30.05,0
8/24/11,33.55,31.45,30.6,29.25,30.3,30.25,30.35,30.2,29.15
8/25/11,34.75,31.75,30.75,29.8,30.85,30.9,30.95,30.95,30.65
8/26/11,34,31,30.2,29.4,30.45,30.5,30.7,30.65,30.7
8/29/11,31.65,29.7,29.3,28.4,29.55,29.7,29.95,29.9,29.85
8/30/11,32.5,30.55,30.05,29.15,30.35,30.5,30.65,30.55,30.3
8/31/11,31.65,30.2,29.65,28.4,29.7,29.85,30.05,30.2,30.1
9/1/11,32.15,30.7,29.95,28.65,29.95,30.05,30.3,30.3,30.25
9/2/11,34.5,32.05,30.75,29.25,30.4,30.5,30.7,30.55,30.55
9/6/11,35.75,32.85,31.45,29.85,31,31,31.2,31.25,31.1
9/7/11,33.55,31.4,30.45,29.1,30.25,30.3,30.4,30.4,30.35
9/8/11,34.6,32.15,30.9,29.4,30.7,30.75,30.8,30.8,30.65
9/9/11,38.55,34.55,32.85,30.8,31.85,31.75,31.9,31.95,31.6
9/12/11,38.3,35.05,33.25,31.15,32.25,32.15,32.15,32.1,31.8
9/13/11,37.85,35.15,33.35,31.25,32.2,32.1,32.15,32.25,31.95
9/14/11,35.75,34.1,32.75,30.7,31.75,31.65,31.7,31.9,31.65
9/15/11,33.2,32.55,31.7,29.9,31,31.05,31.15,31.3,31.15
9/16/11,32.05,31.85,31.25,29.7,30.8,30.9,31.05,31.1,31
9/19/11,33.7,33.1,32.15,30.4,31.45,31.5,31.6,31.7,31.55
9/20/11,33.5,32.95,31.85,30.2,31.3,31.3,31.35,31.6,31.4
9/21/11,35.75,33.75,31.55,32.3,32.2,32,32.3,32.05,0
9/22/11,38.55,35.75,33.15,33.8,33.4,33.2,33.3,32.9,0
9/23/11,39.1,35.9,33.25,33.95,33.6,33.3,33.35,33.1,0
9/26/11,37.5,34.7,32.35,33.3,32.95,32.7,32.8,32.5,0
9/27/11,36.75,34.3,32,33.05,32.65,32.45,32.55,32.15,0
9/28/11,39.45,36.05,33.5,34.3,33.65,33.35,33.4,32.85,0
9/29/11,38.6,35.3,32.95,33.8,33.25,33,33.05,32.55,0
9/30/11,42.15,37.75,34.8,35.5,34.7,34.25,34.35,33.7,0
10/3/11,45.05,40.55,36.7,37.05,35.6,35.15,35.3,34.65,0
10/4/11,40.8,38.1,35.2,35.85,34.65,33.95,33.9,33.5,0
10/5/11,38.45,36.3,34.1,35.1,34.35,33.9,33.95,33.35,0
10/6/11,37.85,35.9,33.75,34.75,34,33.5,33.6,33.25,0
10/7/11,37.95,35.95,33.85,34.9,34.2,33.85,33.85,33.4,0
10/10/11,34.7,33.65,32.1,33.05,32.65,32.45,32.6,32.25,0
10/11/11,34.5,33.5,32.05,33,32.55,32.35,32.6,32.2,0
10/12/11,32.25,31.45,30.55,31.65,31.35,31.3,31.55,31.2,0
10/13/11,32.1,31.2,30.3,31.5,31.3,31.25,31.6,31.1,0
10/14/11,29.75,29.35,28.9,30.35,30.15,30.2,30.45,30.3,0
10/17/11,34.2,32.95,31,32.2,31.7,31.55,31.85,31.55,0
10/18/11,32.15,31,29.95,31.2,30.8,30.9,31.2,31,0
10/19/11,33.85,31.55,32.6,31.9,31.8,32.05,32,0,0
10/20/11,34.1,31.55,32.6,31.9,31.85,32.05,32,31.65,0
10/21/11,31.6,30,31.2,30.65,30.6,30.85,30.85,30.7,0
10/24/11,29.75,28.85,30.25,29.85,29.85,30.1,30.1,30.2,0
10/25/11,32.4,30.25,31.4,30.85,30.8,31,30.8,30.75,0
10/26/11,30.5,29.2,30.4,29.9,29.9,30.2,30.05,29.9,0
10/27/11,26.2,25.8,27.5,27.1,27.3,27.7,27.65,27.65,28.05
10/28/11,26.25,25.55,27.35,26.95,27.2,27.55,27.5,27.55,0
10/31/11,29.95,28.2,29.8,29,28.9,29.2,29.1,28.8,0
11/1/11,33.95,31.25,32.15,31.3,31.05,31.2,30.9,30.55,0
11/2/11,32.7,30.4,31.55,30.75,30.55,30.8,30.65,30.4,30.6
11/3/11,30.95,29.25,30.6,29.95,29.9,30.15,30.1,29.95,29.95
11/4/11,31.4,29.85,30.95,30.25,30.1,30.3,30.2,30.25,30.2
11/7/11,31.1,29.75,30.95,30.2,30.15,30.4,30.3,30.25,30.35
11/8/11,28.9,28.35,30,29.5,29.65,29.9,29.85,29.75,0
11/9/11,36.45,33.45,34.35,32.95,32.65,32.65,32.25,31.75,0
11/10/11,33.45,31.5,32.9,32.05,31.85,32.05,31.6,31.15,0
11/11/11,31.4,30.2,31.75,31.25,31.1,31.25,30.9,30.5,0
11/14/11,32.1,30.75,32.1,31.6,31.4,31.55,31.2,30.9,31
11/15/11,32.05,30.7,32.2,31.7,31.45,31.65,31.35,31.05,0
11/16/11,32.65,33.6,32.8,32.25,32.35,32,32,31.65,0
11/17/11,33.75,34.65,33.8,33.3,33.35,32.8,32.6,32.75,0
11/18/11,32.35,33.75,33.3,33.1,33.2,32.65,32.6,32.6,0
11/21/11,32.95,34.35,33.8,33.5,33.5,33.1,33.25,33.1,0
11/22/11,32.3,33.85,33.4,33.15,33.3,32.85,33.05,33.2,0
11/23/11,33.6,35.05,34.45,34,34.1,33.65,33.7,33.8,0
11/25/11,34.5,35.6,35.05,34.55,34.7,34.1,34.15,34.2,0
11/28/11,32,33.7,33.3,32.95,33.15,32.85,33,33.05,0
11/29/11,31.35,33.2,33,32.7,32.9,32.55,32.7,32.9,0
11/30/11,28.35,30.9,31.3,31.2,31.35,31.05,31,31,31.2
12/1/11,27.9,30.15,30.6,30.7,31.05,30.85,30.85,30.95,30.7
12/2/11,27.8,29.9,30.45,30.6,30.95,30.65,30.8,30.85,30.55
12/5/11,27.8,29.7,30.1,30.15,30.55,30.35,30.45,30.5,30.25
12/6/11,28.1,29.95,30.2,30.2,30.5,30.35,30.45,30.5,30.25
12/7/11,28.6,30.6,30.6,30.55,30.85,30.7,30.8,30.8,30.4
12/8/11,30.15,32.1,31.75,31.5,31.7,31.55,31.6,31.65,31.2
12/9/11,27.2,29.55,30.25,30.4,30.8,30.8,31,31.05,0
12/12/11,27.6,30.1,30.8,30.9,31.35,31.3,31.45,31.5,31.1
12/13/11,27.1,29.9,30.75,31.1,31.6,31.55,31.7,31.8,31.2
12/14/11,27.1,30.1,31.1,31.25,31.7,31.7,31.85,32.05,31.55
12/15/11,26.35,28.9,30.2,30.55,31.05,31.15,31.35,31.5,31
12/16/11,26.1,28.85,29.85,30.35,30.95,31.1,31.3,31.45,31.25
12/19/11,25.6,28.35,29.3,30.05,30.7,30.85,31.1,31.35,31.25
12/20/11,23.85,26.55,27.65,28.65,29.45,29.85,30.2,30.5,30.4
12/21/11,24.5,25.85,27.05,27.9,28.45,28.75,29.35,29.45,0
12/22/11,25.1,26,27.2,28.1,28.5,28.85,29.45,29.45,0
12/23/11,25.7,26.4,27.45,28.15,28.55,28.95,29.6,29.5,0
12/27/11,25.45,26.2,27.2,27.9,28.3,28.7,29.35,29.3,0
12/28/11,26.7,27.1,27.8,28.4,28.9,29.25,29.85,29.85,0
12/29/11,25.95,26.55,27.35,28.05,28.45,28.9,29.5,29.5,0
12/30/11,26.7,27.15,27.75,28.4,28.7,29.1,29.75,29.75,0
1/3/12,24.8,25.8,26.8,27.5,27.85,28.2,29,29,0
1/4/12,24.2,25.3,26.35,27.05,27.6,28,28.65,28.65,0
1/5/12,23.75,24.9,26,26.8,27.4,27.95,28.55,28.55,0
1/6/12,23.05,24.4,25.55,26.45,27,27.55,28.15,28.1,0
1/9/12,22.85,24.15,25.4,26.3,26.9,27.4,28,27.95,0
1/10/12,22.35,23.65,25.1,26.05,26.6,27.15,27.8,27.75,0
1/11/12,22.95,24.15,25.4,26.3,26.9,27.4,28.05,28.05,28.25
1/12/12,22.2,23.75,25.25,26.2,26.75,27.3,27.9,27.85,28.6
1/13/12,22.55,24.1,25.65,26.6,27.15,27.7,28.3,28.25,28.65
1/17/12,22.45,23.95,25.55,26.7,27.3,27.9,28.55,28.5,28.85
1/18/12,23.2,24.95,26.15,26.85,27.5,28.15,28.2,28.55,0
1/19/12,22.55,24.4,25.8,26.55,27.25,28,28.05,28.3,0
1/20/12,21.85,23.9,25.3,26.15,26.8,27.6,27.75,28,0
1/23/12,21.3,23.5,24.85,25.65,26.35,27.3,27.4,27.8,29.15
1/24/12,21.2,23.25,24.65,25.4,26.2,27.15,27.3,27.8,0
1/25/12,20.6,22.5,24.15,24.95,25.9,26.8,27.05,27.55,0
1/26/12,20.55,22.55,24.3,25.3,26.3,27.15,27.4,27.75,0
1/27/12,20.15,22.2,23.85,24.85,25.95,26.8,27.05,27.4,0
1/30/12,20.7,22.55,24.1,25.15,26.25,27.2,27.4,27.75,0
1/31/12,20.9,22.75,24.25,25.35,26.4,27.35,27.65,27.9,0
2/1/12,19.85,22.05,23.75,24.8,26,26.95,27.3,27.6,29.55
2/2/12,19.15,21.35,23.15,24.5,25.65,26.55,26.95,27.3,0
2/3/12,17.95,20.55,22.5,23.85,25.15,26.05,26.5,26.8,27.1
2/6/12,18.1,20.2,22.15,23.45,24.6,25.55,26.15,26.6,0
2/7/12,18.4,20.4,22.05,23.3,24.5,25.5,26.1,26.55,0
2/8/12,19.2,21,22.45,23.65,24.75,25.75,26.35,26.7,0
2/9/12,20,21.95,23.3,24.4,25.6,26.55,27,27.4,0
2/10/12,21.75,23.55,24.25,25.1,26.1,27.05,27.55,27.95,28.5
2/13/12,19.25,21.9,23.65,24.65,25.75,26.65,27.25,27.6,27.95
2/14/12,19.8,22.45,23.95,25.1,26.2,27.15,27.75,28.2,28.5
2/15/12,24.25,25.6,26.3,27.25,28,28.45,28.95,28.95,0
2/16/12,22.8,24.65,25.65,26.65,27.65,28.25,28.75,28.8,0
2/17/12,22.6,24.8,25.75,26.85,27.95,28.55,29.2,29.3,0
2/21/12,22.55,25.15,26.2,27.15,28.25,28.85,29.5,29.55,0
2/22/12,21.8,24.55,25.65,26.6,27.65,28.2,28.95,29.15,0
2/23/12,20.25,23.35,24.8,26.1,27.4,28.1,28.8,29,0
2/24/12,21.2,24.3,25.8,26.75,28,28.6,29.4,29.6,0
2/27/12,21.55,24.55,26.2,27.15,28.35,28.85,29.65,29.75,29.75
2/28/12,20.85,24.05,25.75,26.7,27.85,28.45,29.2,29.4,29.7
2/29/12,21,24,25.6,26.5,27.7,28.35,29.05,29.3,29.45
3/1/12,20.05,23.3,25,25.9,27.05,27.6,28.4,28.55,28.6
3/2/12,20.4,23.7,25.45,26.55,27.75,28.3,29.05,29.2,29.1
3/5/12,20.15,23.65,25.55,26.65,27.95,28.6,29.25,29.35,29.2
3/6/12,22.5,25.3,26.6,27.4,28.3,28.85,29.65,29.75,29.75
3/7/12,20.65,23.95,25.6,26.55,27.6,28.25,29,29.15,29.25
3/8/12,19.7,23.25,25,26,27.25,27.95,28.65,28.8,28.85
3/9/12,19.05,22.75,24.6,25.55,26.75,27.6,28.3,28.45,28.5
3/12/12,17.75,21.75,23.95,25,26.3,27.1,27.8,28.05,28.1
3/13/12,17,21,23.2,24.35,25.75,26.55,27.3,27.55,27.6
3/14/12,17.8,22.1,24,25.05,26.2,26.95,27.75,27.95,27.9
3/15/12,17.05,21.75,23.85,24.85,25.95,26.65,27.45,27.6,27.7
3/16/12,16.15,21.6,23.8,24.75,25.9,26.6,27.4,27.6,27.65
3/19/12,15.55,20,22.75,23.95,25.2,26,26.8,27,27
3/20/12,15.65,19.1,22.1,23.6,25.05,26,26.8,27.05,27
3/21/12,18.1,21.2,22.85,24.15,25.2,26.05,26.5,26.45,0
3/22/12,18.35,21.6,23.3,24.65,25.75,26.7,27.2,27.1,0
3/23/12,17,20.2,22.35,23.75,25.2,26.2,26.8,26.8,0
3/26/12,15.6,18.3,20.6,22.2,23.8,24.85,25.6,25.55,0
3/27/12,17.6,19.55,21.35,22.85,24.4,25.55,26.4,26.35,26.3
3/28/12,17.65,19.7,21.4,22.7,24.1,25.2,26.35,26.25,26.25
3/29/12,17.1,19.55,21.3,22.6,24.1,25.3,26.25,26.3,26.05
3/30/12,16.8,19,20.65,22.05,23.4,24.7,25.75,25.85,25.6
4/2/12,17,18.85,20.65,22.05,23.55,24.75,25.8,25.75,25.55
4/3/12,17.25,19.3,20.9,22.2,23.55,24.75,25.65,25.75,25.55
4/4/12,17.95,19.9,21.25,22.45,23.75,24.85,25.8,25.95,25.7
4/5/12,18.45,20.45,21.65,22.9,24.2,25.25,26.05,26.3,25.95
4/9/12,19.6,21.45,22.6,23.65,24.9,26.05,26.9,26.95,26.45
4/10/12,21.15,22.7,23.8,24.8,25.9,26.95,27.85,27.85,27.35
4/11/12,20.7,22.35,23.7,24.7,25.95,27.1,27.95,28,27.5
4/12/12,18.2,20,21.95,23.15,24.35,25.65,26.6,26.7,26.25
4/13/12,19.95,21.7,23.3,24.35,25.5,26.65,27.6,27.65,27.2
4/16/12,19.85,21.35,22.95,24.1,25.2,26.35,27.35,27.45,26.85
4/17/12,18.2,19.95,22,23.25,24.7,25.85,26.8,26.95,26.5
4/18/12,20.55,22.45,23.65,24.8,25.9,26.95,27.05,26.7,0
4/19/12,20.4,22.45,23.75,24.75,25.8,26.75,27.05,26.6,0
4/20/12,19.7,21.9,23.3,24.25,25.35,26.25,26.55,26.15,0
4/23/12,20.6,22.55,23.9,24.85,25.9,26.85,27.15,26.75,0
4/24/12,19.75,21.8,23.4,24.5,25.7,26.65,27,26.6,27.25
4/25/12,18.55,20.8,22.3,23.45,24.7,25.75,26.15,25.8,26.7
4/26/12,18,20.3,21.9,23.1,24.45,25.55,25.95,25.5,26.6
4/27/12,18.05,20.15,21.65,22.9,24.2,25.35,25.9,25.4,26.6
4/30/12,18.45,20.5,21.9,23,24.35,25.4,26,25.45,26.6
5/1/12,18,20.05,21.65,22.8,24.15,25.2,25.85,25.25,26.45
5/2/12,18.05,19.95,21.6,22.6,23.85,24.9,25.6,25.05,26.5
5/3/12,18.8,20.55,22,22.9,24.1,25.1,25.75,25.2,26.55
5/4/12,20,21.45,22.7,23.5,24.6,25.45,26.05,25.5,26.85
5/7/12,19.35,20.85,22.3,23.1,24.2,25.1,25.75,25.1,26.4
5/8/12,19.55,21,22.5,23.35,24.5,25.4,26,25.4,26.6
5/9/12,20.5,21.85,23.2,23.9,25,25.8,26.45,25.9,27.05
5/10/12,19.35,20.85,22.45,23.25,24.5,25.35,26,25.5,26.45
5/11/12,20.1,21.6,23,23.75,25,25.85,26.6,26.15,27
5/14/12,21.95,23,24.1,24.85,25.95,26.9,27.65,27.15,27.9
5/15/12,21.85,23.9,24.75,25.55,26.7,27.55,28.25,27.85,28.65
5/16/12,24.4,25.45,26.15,27.2,28.05,28.75,28.35,29.15,0
5/17/12,26.2,26.7,27.15,27.75,28.35,28.75,28.5,29.35,0
5/18/12,28.2,28.15,28.4,28.85,29.35,29.65,29.4,30.15,0
5/21/12,24.25,25.85,26.55,27.5,28.35,28.85,28.55,29.3,0
5/22/12,24.95,26.5,27.1,27.9,28.7,29.2,29,30.2,29.85
5/23/12,24.8,26.35,26.9,27.55,28.2,28.7,28.55,29.25,0
5/24/12,24.25,26,26.55,27.4,28.25,28.7,28.4,29.35,29.7
5/25/12,24.55,26.1,26.55,27.1,27.75,28.2,28.05,29,31.5
5/29/12,23,24.8,25.6,26.4,27.25,27.75,27.6,28.5,29.2
5/30/12,25.7,26.9,27.15,27.65,28.2,28.55,28.4,29.15,29.45
5/31/12,26,27.35,27.55,28.05,28.65,28.95,28.7,29.4,29.65
6/1/12,27.75,29.15,29.2,29.5,30,30.1,29.85,30.5,31
6/4/12,26.95,28.45,28.9,29.6,30.25,30.5,30.2,30.55,30.95
6/5/12,25.6,27.35,28.05,28.85,29.55,29.9,29.75,30.35,30.5
6/6/12,23.4,25.5,26.6,27.65,28.65,29.15,29.05,29.9,30.05
6/7/12,23.05,25.3,26.35,27.55,28.45,28.95,29,29.85,30.1
6/8/12,21.7,23.85,25.1,26.2,27.15,27.75,27.8,28.9,29.3
6/11/12,24.55,26.4,27.25,28.4,29.45,30,29.95,30.85,30.9
6/12/12,23.45,25.55,26.75,27.95,29.1,29.65,29.7,30.55,30.8
6/13/12,24.95,26.75,27.9,29,29.95,30.55,30.6,31.3,31.55
6/14/12,22.95,25.1,26.5,27.85,28.85,29.45,29.55,30.55,30.6
6/15/12,21.5,23.65,25.25,26.4,27.45,28,28.4,29.65,30.1
6/18/12,19,21.8,23.9,25.45,26.8,27.55,27.95,29.2,29.85
6/19/12,18.45,21.9,23.8,25.35,26.65,27.5,27.95,29.05,29.6
6/20/12,20.45,22.7,24.35,25.6,26.55,27.15,28.4,28.85,0
6/21/12,23.35,24.75,26.05,26.9,27.55,28.05,29.35,29.6,0
6/22/12,21.85,23.9,25.5,26.25,27.2,27.9,29.75,30.8,0
6/25/12,22.45,24.25,25.7,26.55,27.45,28.1,29.6,29.9,0
6/26/12,21.75,23.7,25.2,26.05,27,27.65,29,29.4,29.65
6/27/12,21.7,23.65,25.1,25.9,26.7,27.25,28.7,29.05,29.4
6/28/12,21.35,23.3,24.75,25.55,26.35,27,28.4,28.75,28.95
6/29/12,19.55,21.95,23.65,24.6,25.45,26,27.65,28.1,28.3
7/2/12,18.15,20.65,22.6,23.85,24.9,25.6,27.15,27.5,27.8
7/3/12,17.7,20.2,22,23.2,24.3,25.05,26.65,27.15,27.65
7/5/12,18.8,20.9,22.7,23.7,24.65,25.25,26.85,27.35,27.95
7/6/12,18.25,20.6,22.3,23.4,24.3,24.9,26.5,27,27.65
7/9/12,18.4,20.5,22.2,23.25,24.2,24.9,26.4,26.9,27.4
7/10/12,19.25,21.2,22.7,23.65,24.4,25,26.55,27,27.4
7/11/12,18.3,20.45,22.25,23.25,24.1,24.7,26.2,26.65,27
7/12/12,18.5,20.6,22.45,23.5,24.25,24.75,26.35,26.85,27.2
7/13/12,17.45,19.35,21.45,22.75,23.7,24.25,25.75,26.3,26.7
7/16/12,17.3,19.3,21.3,22.75,23.75,24.35,25.8,26.3,26.7
7/17/12,16.65,18.55,20.55,22.1,23.15,23.8,25.25,25.85,26.35
7/18/12,18.65,20.6,22.25,23.25,23.95,25.45,26.05,26.45,0
7/19/12,18.2,20.15,21.95,23,23.8,25.25,25.9,26.25,0
7/20/12,19.15,20.95,22.65,23.55,24.15,25.55,26.3,26.75,0
7/23/12,20.8,22.3,23.9,24.6,25.1,26.45,27.1,27.55,0
7/24/12,21.85,23.2,24.5,25.15,25.5,26.7,27.4,27.85,28.25
7/25/12,21.1,22.45,23.95,24.7,25.2,26.5,27.15,27.65,28.1
7/26/12,19.15,20.9,22.6,23.55,24.05,25.45,26.15,26.7,27.3
7/27/12,18.6,20.65,22.45,23.5,24.15,25.6,26.25,26.7,27.15
7/30/12,19.5,21.25,22.9,23.8,24.35,25.75,26.5,27,27.5
7/31/12,19.9,21.65,23.1,24,24.6,26.05,26.8,27.25,27.7
8/1/12,19.7,21.35,23,24.05,24.8,26.25,27,27.35,27.8
8/2/12,18.7,20.7,22.6,23.8,24.6,26.15,26.95,27.4,27.8
8/3/12,17.2,19.4,21.45,22.85,23.7,25.3,26.25,26.7,27.35
8/6/12,16.85,19,21.05,22.7,23.65,25.2,26.1,26.65,27.05
8/7/12,17.65,19.7,21.5,23,23.8,25.4,26.35,26.95,27.4
8/8/12,16.8,18.9,20.75,22.5,23.5,25.15,26.05,26.65,27.4
8/9/12,16.55,18.65,20.65,22.35,23.35,25.1,26.05,26.65,27.1
8/10/12,16.35,18.55,20.5,22.15,23.2,24.85,25.85,26.45,26.95
8/13/12,15.8,18.25,20.3,22,23.05,24.7,25.8,26.45,26.95
8/14/12,16.4,19,20.85,22.5,23.45,25.15,26.2,26.85,27.4
8/15/12,16.2,19,20.95,22.5,23.5,25.2,26.15,26.8,27.3
8/16/12,15.9,18.75,20.7,22.25,23.35,25.1,26.1,26.75,27.2
8/17/12,15.1,18.2,20.3,21.95,23.05,24.95,26.05,26.7,27.15
8/20/12,14.65,18.25,20.5,22.2,23.4,25.3,26.45,27.1,27.5
8/21/12,14.9,18.75,20.85,22.6,23.8,25.75,26.9,27.55,27.9
8/22/12,19,21.25,22.8,23.8,25.65,26.9,27.65,28.1,0
8/23/12,19.3,21.6,23.2,24.3,26,27.1,27.9,28.4,0
8/24/12,18.55,21.2,22.95,24,25.85,27.05,27.9,28.4,0
8/27/12,18.8,21.3,22.9,23.85,25.65,26.75,27.75,28.35,0
8/28/12,19,21.45,23.1,24.05,25.75,26.8,27.8,28.35,28.5
8/29/12,19.25,21.7,23.25,24.15,25.8,26.95,27.95,28.5,28.7
8/30/12,19.7,22,23.55,24.35,26.05,27.05,28.05,28.65,28.9
8/31/12,18.95,21.2,22.85,23.8,25.6,26.65,27.65,28.25,28.5
9/4/12,18.65,20.75,22.55,23.65,25.55,26.75,27.75,28.35,28.6
9/5/12,18.15,20.35,22.15,23.15,25.1,26.35,27.3,27.85,28.2
9/6/12,16.1,18.55,20.6,21.95,24.05,25.35,26.4,27.1,27.4
9/7/12,15.1,17.55,19.7,21.05,23.25,24.8,25.85,26.5,26.85
9/10/12,16.5,18.55,20.4,21.55,23.65,25.1,26.25,26.95,27.25
9/11/12,16.6,18.35,19.95,21.25,23.4,24.8,25.95,26.7,27.05
9/12/12,15.8,17.6,19.15,20.4,22.65,24.1,25.3,26.05,26.4
9/13/12,14.9,16.45,17.95,19.2,21.5,23.1,24.5,25.35,25.95
9/14/12,15.75,17.35,18.4,19.35,21.6,23.15,24.6,25.35,25.8
9/17/12,15,16.85,18.25,19.15,21.4,22.9,24.25,25.1,25.65
9/18/12,14.3,16.25,17.75,19.05,20.95,22.45,23.9,24.75,25.4
9/19/12,16.05,17.7,19,20.8,22.2,23.6,24.55,25.25,0
9/20/12,16.4,18.05,19.2,20.9,22.2,23.5,24.6,25.2,0
9/21/12,16.05,17.9,19.25,20.95,22.35,23.7,24.75,25.25,0
9/24/12,15.9,17.6,19,20.7,22.15,23.4,24.6,25.15,0
9/25/12,17.15,18.35,19.5,21.1,22.4,23.65,24.85,25.5,26.05
9/26/12,17.75,18.9,19.95,21.45,22.6,23.75,24.95,25.6,26.25
9/27/12,16.1,17.75,18.95,20.75,22.05,23.25,24.4,25,25.55
9/28/12,16.4,18.05,19.2,20.9,22.15,23.35,24.5,25.15,25.65
10/1/12,16.95,18.3,19.2,20.85,22.2,23.45,24.5,25.15,25.75
10/2/12,16.6,17.95,19,20.7,22.05,23.25,24.35,24.95,25.5
10/3/12,16.5,17.7,18.8,20.5,21.8,22.95,24.15,24.8,25.45
10/4/12,15.8,17.4,18.4,20,21.25,22.45,23.65,24.35,24.95
10/5/12,15.75,17.25,18.25,19.85,21.15,22.4,23.55,24.2,24.75
10/8/12,15.9,17.4,18.35,19.85,21.15,22.3,23.55,24.2,24.8
10/9/12,16.7,18.05,18.75,20.15,21.4,22.55,23.7,24.3,24.85
10/10/12,16.75,18.15,19,20.4,21.55,22.55,23.8,24.4,24.95
10/11/12,16.2,17.55,18.5,19.95,21.15,22.2,23.3,23.95,24.55
10/12/12,16.65,18,18.65,20.05,21,22,22.9,23.6,24.25
10/15/12,15.7,17.15,18.05,19.7,20.75,21.75,22.85,23.35,24
10/16/12,15.5,16.75,17.65,19.2,20.35,21.4,22.55,23.15,23.75
10/17/12,16.45,17.5,19,20.05,21.25,22.25,22.9,23.5,0
10/18/12,16.7,17.6,19.2,20.2,21.3,22.4,23.05,23.6,0
10/19/12,17.6,18.45,20,20.85,21.8,22.85,23.55,24.15,0
10/22/12,17.35,18.05,19.6,20.55,21.6,22.6,23.3,23.7,24.4
10/23/12,19.2,19.4,20.6,21.35,22.05,22.95,23.6,24.15,24.9
10/24/12,18.75,19.1,20.35,21.05,21.8,22.7,23.35,23.95,24.5
10/25/12,18.3,18.9,20.15,20.9,21.7,22.55,23.15,23.65,24.3
10/26/12,18.25,18.9,20.15,20.85,21.7,22.55,23.1,23.65,24.3
10/31/12,18.95,19.5,20.65,21.2,21.95,22.85,23.5,23.95,24.55
11/1/12,16.9,17.9,19.2,20,20.9,21.85,22.5,22.9,23.5
11/2/12,17.8,18.6,20,20.7,21.5,22.45,23.15,23.65,24.2
11/5/12,18.1,18.9,20.25,20.95,21.7,22.6,23.25,23.65,24.3
11/6/12,17.05,18.1,19.45,20.15,21.05,21.9,22.55,23,23.6
11/7/12,18.85,19.5,20.55,21.15,21.7,22.45,23.1,23.55,24.15
11/8/12,18.5,19.3,20.55,21.15,21.85,22.55,23.2,23.65,24.25
11/9/12,18.6,19.6,20.9,21.55,22.3,22.9,23.4,23.85,24.35
11/12/12,17.1,18.35,20,20.7,21.5,22.3,22.8,23.25,23.75
11/13/12,16.95,18.2,19.9,20.7,21.45,22.15,22.7,23.1,23.7
11/14/12,17.85,19,20.5,21.25,21.95,22.65,23.15,23.5,24.05
11/15/12,18.05,19.15,20.6,21.35,22,22.85,23.4,23.7,24.3
11/16/12,16.75,18.2,19.9,20.7,21.4,22.4,23.05,23.3,23.9
11/19/12,15.25,16.6,18.65,19.65,20.45,21.5,22.25,22.7,23.35
11/20/12,15.15,16.4,18.05,19.2,20.05,21.2,22,22.5,23.1
11/21/12,16.45,18.35,19.4,20.15,21.25,22.1,22.6,23.2,0
11/23/12,16.1,17.9,19.15,19.95,20.9,21.6,22.25,22.8,0
11/26/12,15.6,17.45,18.75,19.6,20.75,21.45,22.1,22.65,23
11/27/12,16.15,17.8,19,19.85,20.9,21.55,22.25,22.8,23.15
11/28/12,15.5,17.3,18.55,19.55,20.7,21.5,22.1,22.7,23.05
11/29/12,15.25,17,18.25,19.2,20.3,21.1,21.8,22.45,22.85
11/30/12,15.55,17.15,18.4,19.3,20.4,21.3,21.9,22.55,22.85
12/3/12,16.4,17.7,18.85,19.7,20.9,21.7,22.35,22.9,23.2
12/4/12,16.5,17.9,18.95,19.85,20.95,21.7,22.3,22.85,23.15
12/5/12,16.1,17.35,18.35,19.25,20.4,21.15,21.8,22.5,22.8
12/6/12,16.4,17.65,18.55,19.35,20.45,21.25,21.9,22.5,22.8
12/7/12,16,17.25,18.3,19.1,20.2,20.95,21.7,22.25,22.7
12/10/12,16,17.05,18.1,18.9,20,20.75,21.55,22.2,22.6
12/11/12,15.55,16.5,17.65,18.55,19.7,20.5,21.3,22,22.4
12/12/12,16.1,17.15,18.1,18.9,19.95,20.65,21.55,22.3,22.7
12/13/12,16.6,17.35,18.4,19.2,20.3,21.1,21.85,22.6,23
12/14/12,16.85,17.2,18.25,19.3,20.3,21.05,21.9,22.65,22.95
12/17/12,16.2,16.5,17.55,18.6,19.55,20.35,21.25,21.95,22.45
12/18/12,15.55,16.15,17.1,18.15,19.1,19.9,20.85,21.6,22.1
12/19/12,17.1,17.9,18.75,19.6,20.35,21.1,21.95,22.45,0
12/20/12,17.5,18.15,19.05,19.8,20.45,21.25,22.1,22.55,0
12/21/12,18.25,18.55,19.5,20.4,21.15,21.8,22.65,23.05,0
12/24/12,18.65,18.95,19.7,20.4,21.05,21.8,22.75,23.15,0
12/26/12,19.5,19.55,20.2,20.8,21.4,22.15,22.95,23.55,24
12/27/12,19.1,19.4,20.1,20.5,21,21.75,22.65,23.15,23.6
12/28/12,22.35,21.95,22,22,22.15,22.7,23.65,23.75,24.65
12/31/12,17.7,18.5,19.6,20.4,21,21.9,22.75,23.25,23.65
1/2/13,15.6,16.75,18.1,18.85,19.55,20.45,21.45,22,22.55
1/3/13,15.9,16.95,18.15,18.95,19.6,20.4,21.4,22,22.55
1/4/13,15.3,16.7,18.05,18.75,19.55,20.25,21.15,21.75,22.3
1/7/13,14.75,16.45,17.95,18.8,19.6,20.35,21.2,21.75,22.35
1/8/13,14.65,16.45,17.9,18.7,19.45,20.2,21.15,21.75,22.35
1/9/13,14.7,16.4,17.95,18.6,19.45,20.05,20.9,21.5,22.15
1/10/13,14.2,16.1,17.75,18.4,19.05,19.9,20.6,21.15,21.75
1/11/13,14.15,16,17.65,18.35,19.1,19.7,20.5,21,21.6
1/14/13,14.1,15.95,17.35,18.2,18.8,19.55,20.3,20.85,21.4
1/15/13,14.2,15.8,17.25,18.15,18.9,19.55,20.3,20.8,21.35
1/16/13,15.5,17.1,17.95,18.65,19.35,20.1,20.75,21.35,0
1/17/13,15.7,17,17.9,18.55,19.1,19.8,20.45,21.05,0
1/18/13,14.65,16.3,17.25,17.85,18.5,19.15,19.8,20.45,0
1/22/13,14.05,15.4,16.5,17.1,17.8,18.55,19.2,19.8,0
1/23/13,13.7,15.05,16.25,16.95,17.6,18.25,18.9,19.5,20
1/24/13,13.95,15.1,16.15,16.9,17.55,18.2,18.85,19.45,19.95
1/25/13,14.1,15.15,16.1,16.8,17.45,18.1,18.75,19.3,19.85
1/28/13,14.6,15.35,16.3,16.9,17.55,18.2,18.75,19.35,19.9
1/29/13,14.05,14.95,16,16.7,17.35,18.05,18.7,19.25,19.75
1/30/13,15.15,15.8,16.6,17.15,17.7,18.4,18.95,19.5,20
1/31/13,14.9,15.75,16.7,17.3,17.8,18.5,19.05,19.55,20.05
2/1/13,14.3,15.4,16.35,17.05,17.75,18.45,19,19.5,20
2/4/13,15.3,15.9,16.75,17.3,17.9,18.55,19.15,19.7,20.25
2/5/13,14.4,15.6,16.6,17.2,17.8,18.5,19.05,19.6,20.1
2/6/13,14.15,15.35,16.45,17.05,17.65,18.3,18.95,19.5,20.1
2/7/13,14.1,15.35,16.35,17,17.55,18.25,18.9,19.45,20
2/8/13,13.8,15.05,16.1,16.7,17.35,18,18.6,19.2,19.8
2/11/13,13.5,14.95,15.85,16.5,17.1,17.8,18.45,19,19.55
2/12/13,13,14.8,15.8,16.45,17,17.7,18.4,18.95,19.45
2/13/13,14.75,15.85,16.55,17.05,17.65,18.2,18.9,19.45,0
2/14/13,14.55,15.75,16.45,17.05,17.7,18.35,18.9,19.4,0
2/15/13,14.5,15.65,16.4,17.1,17.75,18.4,19.05,19.5,0
2/19/13,13.9,14.95,15.75,16.55,17.3,17.95,18.65,19.2,19.5
2/20/13,15.4,16,16.55,17.15,17.8,18.4,19.05,19.5,19.75
2/21/13,15.5,16.15,16.75,17.3,17.95,18.6,19.2,19.7,20.15
2/22/13,14.85,15.7,16.45,17,17.7,18.25,18.95,19.4,19.8
2/25/13,17.65,17.5,17.55,17.95,18.3,18.7,19.25,19.6,20
2/26/13,17.05,17.35,17.6,17.9,18.35,18.7,19.3,19.65,19.95
2/27/13,15.4,16.1,16.75,17.1,17.65,18.15,18.7,19.25,19.6
2/28/13,16.15,16.7,17.05,17.5,17.95,18.4,18.95,19.4,19.75
3/1/13,16.4,16.95,17.35,17.6,18.05,18.5,19.05,19.45,19.85
3/4/13,15,15.85,16.55,17.1,17.75,18.2,18.85,19.2,19.55
3/5/13,14.55,15.55,16.35,16.9,17.4,17.8,18.45,18.85,19.15
3/6/13,14.7,15.55,16.35,16.85,17.45,17.85,18.35,18.75,19.1
3/7/13,14.2,15.25,16.1,16.7,17.4,17.85,18.4,18.75,19.1
3/8/13,13.8,15.1,16.05,16.65,17.3,17.75,18.25,18.65,19.05
3/11/13,13,14.45,15.55,16.4,17.15,17.7,18.2,18.6,18.9
3/12/13,13.25,14.8,15.8,16.55,17.3,17.85,18.35,18.75,19.1
3/13/13,12.95,14.7,15.85,16.6,17.4,17.95,18.45,18.85,19.15
3/14/13,12.55,14.6,15.75,16.55,17.25,17.85,18.4,18.8,19.1
3/15/13,12.55,14.7,15.85,16.65,17.35,17.9,18.4,18.8,19.15
3/18/13,13.7,15.4,16.35,16.95,17.65,18.1,18.65,19.05,19.4
3/19/13,14.8,15.4,16.25,17,17.65,18.15,18.75,19.1,19.5
3/20/13,14.5,15.95,16.75,17.5,18.1,18.7,19.05,19.4,0
3/21/13,14.95,16.15,16.95,17.65,18.1,18.65,19.15,19.45,0
3/22/13,14.8,16,16.9,17.65,18.2,18.8,19.2,19.45,0
3/25/13,14.55,15.8,16.7,17.35,17.85,18.35,18.85,19.2,19.4
3/26/13,14.2,15.6,16.55,17.25,17.75,18.35,18.8,19.1,19.3
3/27/13,14.4,15.7,16.65,17.3,17.8,18.4,18.85,19.2,19.45
3/28/13,14.2,15.6,16.6,17.35,17.85,18.45,18.9,19.25,19.45
4/1/13,14.4,15.75,16.7,17.5,18.1,18.65,19.1,19.4,19.55
4/2/13,13.8,15.25,16.35,17.15,17.75,18.35,18.85,19.15,19.35
4/3/13,14.65,15.75,16.5,17.3,17.9,18.5,18.95,19.3,19.5
4/4/13,14.25,15.55,16.5,17.25,17.85,18.45,18.9,19.25,19.45
4/5/13,14.35,15.5,16.45,17.25,17.9,18.55,19,19.3,19.5
4/8/13,13.65,15.1,16.05,16.8,17.45,18.15,18.65,19,19.2
4/9/13,13.6,15.05,15.95,16.7,17.3,17.95,18.5,18.9,19.15
4/10/13,13.1,14.5,15.55,16.35,17.1,17.75,18.25,18.65,18.9
4/11/13,13.15,14.5,15.45,16.3,16.95,17.65,18.25,18.65,19
4/12/13,12.75,14.15,15.3,16,16.7,17.45,18.05,18.45,18.8
4/15/13,16.7,16.65,16.85,17.55,18,18.5,19,19.35,19.6
4/16/13,13.95,14.75,15.7,16.35,17,17.75,18.3,18.65,18.95
4/17/13,16.45,16.75,17.15,17.5,18,18.4,18.85,19.05,0
4/18/13,17.2,17.5,17.9,18.25,18.6,18.85,19.25,19.4,0
4/19/13,15.95,16.8,17.55,18.1,18.75,19.15,19.45,19.5,0
4/22/13,15.3,16.1,16.95,17.5,18.1,18.6,19,19.15,19.7
4/23/13,14.55,15.4,16.4,16.8,17.45,17.95,18.45,18.65,19.3
4/24/13,14.65,15.4,16.25,16.75,17.45,17.95,18.4,18.6,19.25
4/25/13,14.8,15.5,16.3,16.8,17.45,17.95,18.4,18.6,19.25
4/26/13,14.8,15.6,16.4,16.95,17.5,17.9,18.35,18.6,19.25
4/29/13,14.75,15.55,16.3,16.75,17.4,17.85,18.25,18.45,19.05
4/30/13,14.45,15.4,16.25,16.75,17.25,17.7,18.05,18.3,19
5/1/13,15.15,15.95,16.7,17.2,17.65,18,18.35,18.6,19.3
5/2/13,14.55,15.5,16.4,16.9,17.5,17.9,18.25,18.45,19.05
5/3/13,14.25,15.25,16.2,16.7,17.25,17.75,18.05,18.25,18.9
5/6/13,13.9,14.95,15.9,16.5,17,17.35,17.75,18,18.75
5/7/13,13.85,14.9,15.8,16.3,16.85,17.3,17.65,17.8,18.5
5/8/13,14,15.1,15.95,16.45,16.95,17.4,17.75,17.95,18.6
5/9/13,14.2,15.35,16.25,16.75,17.2,17.55,17.9,18.1,18.75
5/10/13,13.85,15.1,16.2,16.8,17.3,17.75,18.05,18.25,18.95
5/13/13,13.65,15.1,16.2,16.85,17.4,17.85,18.15,18.35,19.05
5/14/13,13.55,15.05,16.1,16.8,17.35,17.8,18.1,18.25,18.95
5/15/13,13.7,15.15,16.25,16.85,17.45,17.9,18.25,18.4,19.1
5/16/13,13.95,15.35,16.35,16.95,17.6,18.05,18.5,18.6,19.2
5/17/13,13.2,15.1,16.15,16.8,17.4,17.9,18.35,18.45,19.2
5/20/13,13.3,15.1,16.25,16.95,17.6,18.05,18.55,18.65,19.4
5/21/13,13.55,15.4,16.5,17.15,17.8,18.35,18.9,19,19.7
5/22/13,15.3,16.4,17.15,17.75,18.25,18.75,18.85,19.5,0
5/23/13,15.5,16.55,17.45,18,18.4,18.85,19.05,19.7,0
5/24/13,15.5,16.5,17.3,17.95,18.4,18.85,19,19.7,0
5/28/13,15.2,16.35,17.2,17.85,18.25,18.7,18.9,19.6,0
5/29/13,15.4,16.4,17.15,17.8,18.25,18.7,18.9,19.6,20
5/30/13,15.4,16.55,17.25,17.85,18.35,18.75,18.95,19.65,20.05
5/31/13,16.05,17.15,17.8,18.35,18.8,19.1,19.3,19.95,20.4
6/3/13,16,17,17.75,18.35,18.85,19.2,19.4,20.15,20.5
6/4/13,16.1,17.1,17.8,18.4,18.9,19.25,19.45,20.15,20.6
6/5/13,17.05,17.7,18.25,18.75,19.15,19.5,19.65,20.4,20.9
6/6/13,16.55,17.25,18,18.55,19.05,19.4,19.55,20.35,20.75
6/7/13,15.8,16.9,17.7,18.35,18.85,19.25,19.45,20.15,20.6
6/10/13,15.6,16.7,17.5,18.1,18.6,19,19.2,19.95,20.4
6/11/13,16.9,17.6,18.15,18.75,19.2,19.5,19.7,20.45,20.85
6/12/13,18.25,18.55,18.8,19.35,19.75,20.05,20.25,20.95,21.25
6/13/13,16.8,17.7,18.45,18.95,19.4,19.65,19.85,20.55,21
6/14/13,17.55,18.3,18.9,19.4,19.85,20.15,20.35,21.05,21.5
6/17/13,16.95,17.8,18.55,19.1,19.6,19.95,20.2,20.95,21.3
6/18/13,16.8,17.65,18.35,19,19.55,19.9,20.2,20.95,21.3
6/19/13,17.55,18.35,19.05,19.55,20,20.15,21,21.35,0
6/20/13,19.65,19.45,20.05,20.4,20.65,20.85,21.55,21.85,0
6/21/13,19,19.4,19.9,20.25,20.6,20.85,21.5,21.75,0
6/24/13,20.15,20.3,20.85,21,21.2,21.35,22,22.3,0
6/25/13,19.45,19.95,20.55,20.85,21.15,21.3,22,22.3,0
6/26/13,18.85,19.6,20.4,20.8,21.1,21.4,22.05,22.3,0
6/27/13,18.2,19.05,19.9,20.4,20.8,21.05,21.7,22.05,0
6/28/13,18.05,18.9,19.85,20.35,20.7,21,21.7,22.1,0
7/1/13,17.65,18.45,19.4,20,20.4,20.6,21.45,21.8,21.95
7/2/13,17.6,18.45,19.5,20.1,20.5,20.85,21.6,21.95,22.3
7/3/13,17.25,18.35,19.35,19.95,20.45,20.75,21.6,21.95,22.2
7/5/13,15.95,17.45,18.75,19.45,19.95,20.4,21.2,21.5,21.85
7/8/13,15.35,16.75,17.9,18.7,19.25,19.7,20.55,20.95,21.35
7/9/13,15.1,16.65,17.8,18.55,19.05,19.55,20.4,20.75,21.15
7/10/13,14.85,16.35,17.45,18.2,18.85,19.1,20.05,20.5,20.9
7/11/13,14.5,16.05,17.2,17.9,18.5,18.9,19.8,20.25,20.7
7/12/13,14.65,16.2,17.3,18.05,18.65,19,19.9,20.35,20.8
7/15/13,14.05,15.75,16.95,17.75,18.3,18.7,19.5,20.05,20.5
7/16/13,14.25,16.2,17.45,18.35,18.9,19.35,20.05,20.45,20.85
7/17/13,15.6,16.95,17.85,18.45,18.9,19.7,20.15,20.5,0
7/18/13,15.45,16.9,17.85,18.4,18.8,19.6,20.1,20.5,0
7/19/13,14.9,16.5,17.55,18.25,18.75,19.5,20.05,20.4,0
7/22/13,14.7,16.2,17.3,18,18.55,19.35,19.9,20.25,0
7/23/13,14.65,16.15,17.2,17.9,18.45,19.2,19.7,20.1,20.4
7/24/13,14.8,16.2,17.25,17.95,18.45,19.2,19.75,20.05,20.35
7/25/13,14.5,15.9,16.95,17.65,18.25,19,19.55,19.9,20.25
7/26/13,14.45,15.85,16.9,17.6,18.1,18.9,19.5,19.8,20.2
7/29/13,14.65,15.95,16.9,17.6,18.15,18.85,19.45,19.8,20.15
7/30/13,14.3,15.7,16.7,17.45,17.95,18.7,19.25,19.65,19.95
7/31/13,13.9,15.4,16.35,17.05,17.65,18.35,18.9,19.3,19.7
8/1/13,13.6,15.05,16.05,16.8,17.35,18.1,18.7,19.05,19.4
8/2/13,13.15,14.65,15.75,16.5,17.05,17.85,18.45,18.9,19.3
8/5/13,13.05,14.45,15.5,16.3,16.85,17.65,18.3,18.65,19.05
8/6/13,13.4,14.85,15.9,16.65,17.2,18,18.6,18.95,19.3
8/7/13,13.55,15.05,16.05,16.75,17.25,18,18.6,18.95,19.3
8/8/13,13.25,14.85,15.9,16.6,17.15,17.9,18.45,18.8,19.2
8/9/13,13.55,15.2,16.1,16.85,17.35,18.1,18.65,19,19.3
8/12/13,13.35,15,16.05,16.85,17.35,18.05,18.6,18.95,19.3
8/13/13,13.1,14.9,16.15,17,17.5,18.25,18.8,19.15,19.45
8/14/13,13.35,15.15,16.35,17.2,17.75,18.45,19,19.35,19.65
8/15/13,14.25,15.75,16.85,17.6,18.15,18.9,19.4,19.75,20
8/16/13,14.45,15.6,16.7,17.45,18,18.75,19.3,19.65,19.85
8/19/13,15.05,15.95,16.9,17.7,18.2,18.9,19.5,19.85,20.1
8/20/13,15,15.65,16.7,17.45,17.95,18.65,19.2,19.55,19.85
8/21/13,16.1,16.95,17.65,18,18.65,19.2,19.6,19.85,0
8/22/13,15.45,16.4,17.05,17.45,18.1,18.65,19.1,19.4,0
8/23/13,15.2,16.25,16.95,17.35,18,18.55,19.05,19.3,0
8/26/13,15.85,16.7,17.3,17.7,18.4,18.9,19.35,19.65,0
8/27/13,17.2,17.9,18.4,18.7,19.35,19.8,20.15,20.4,20.65
8/28/13,17.35,17.95,18.4,18.7,19.35,19.8,20.25,20.45,20.7
8/29/13,17.35,17.95,18.45,18.8,19.45,19.95,20.35,20.6,20.9
8/30/13,17.5,18.15,18.65,18.95,19.6,20,20.45,20.75,20.95
9/3/13,16.85,17.65,18.2,18.5,19.15,19.6,20,20.3,20.6
9/4/13,16.7,17.55,18.1,18.35,19.05,19.5,19.9,20.15,20.4
9/5/13,16.4,17.4,18,18.35,19.05,19.5,19.9,20.1,20.4
9/6/13,16.5,17.5,18.2,18.45,19.1,19.6,20,20.15,20.4
9/9/13,15.8,16.8,17.55,17.9,18.6,19.05,19.5,19.75,20.05
9/10/13,15.15,16.35,17.15,17.4,18.2,18.8,19.2,19.4,19.75
9/11/13,14.55,15.75,16.7,17.05,17.85,18.45,18.95,19.2,19.5
9/12/13,14.8,15.8,16.7,17.15,17.9,18.5,19,19.3,19.55
9/13/13,14.8,15.8,16.65,17.1,17.9,18.5,19,19.25,19.55
9/16/13,14.7,15.55,16.45,16.9,17.7,18.25,18.8,19.05,19.35
9/17/13,14.65,15.45,16.3,16.8,17.55,18.15,18.65,18.95,19.25
9/18/13,14.7,15.9,16.4,17.15,17.75,18.25,18.6,18.95,0
9/19/13,14.75,15.9,16.55,17.25,17.8,18.25,18.65,19,0
9/20/13,15,16.15,16.8,17.65,18.3,18.8,19.15,19.45,0
9/23/13,15.35,16.4,17.05,17.8,18.45,18.95,19.3,19.55,0
9/24/13,15.05,16.25,16.85,17.65,18.35,18.85,19.2,19.5,19.8
9/25/13,15.05,16.2,16.85,17.7,18.35,18.9,19.2,19.5,19.8
9/26/13,14.8,15.95,16.55,17.45,18.1,18.65,19,19.3,19.6
9/27/13,15.5,16.35,16.9,17.7,18.35,18.8,19.1,19.4,19.7
9/30/13,16.2,16.9,17.35,18.05,18.65,19.1,19.4,19.65,20.05
10/1/13,15.45,16.25,16.9,17.65,18.35,18.8,19.2,19.45,19.75
10/2/13,16.35,16.9,17.25,18,18.6,19.05,19.35,19.65,19.95
10/3/13,17.25,17.45,17.75,18.35,18.85,19.25,19.55,19.8,20.1
10/4/13,16.8,17,17.35,18.1,18.7,19.1,19.4,19.65,19.95
10/7/13,18.5,18.35,18.3,18.85,19.25,19.55,19.85,20,20.25
10/8/13,19.4,19.1,18.95,19.55,19.95,20.25,20.5,20.65,20.75
10/9/13,18.85,18.7,18.85,19.4,19.85,20.1,20.4,20.55,20.75
10/10/13,16.4,16.85,17.45,18.2,18.8,19.15,19.5,19.75,20
10/11/13,15.7,16.4,16.95,17.7,18.25,18.65,19,19.35,19.6
10/14/13,15.9,16.65,17.2,17.9,18.35,18.65,19,19.3,19.55
10/15/13,18.2,17.3,17.65,18.3,18.65,18.9,19.15,19.45,19.7
10/16/13,15.55,16.55,17.45,18.05,18.5,18.9,19.25,19.45,0
10/17/13,14.55,15.6,16.9,17.5,17.9,18.3,18.65,19,0
10/18/13,14.35,15.25,16.55,17.3,17.75,18.15,18.55,18.85,0
10/21/13,14.6,15.5,16.65,17.3,17.75,18.15,18.6,18.9,0
10/22/13,14.6,15.55,16.75,17.45,17.85,18.3,18.7,19,19.5
10/23/13,14.7,15.55,16.85,17.6,18,18.4,18.8,19.15,19.45
10/24/13,14.45,15.45,16.7,17.45,17.9,18.35,18.75,19.05,19.35
10/25/13,14.5,15.5,16.8,17.55,18.05,18.45,18.85,19.2,19.5
10/28/13,14.55,15.5,16.85,17.65,18.15,18.55,18.95,19.25,19.5
10/29/13,14.45,15.5,16.85,17.7,18.15,18.6,19,19.25,19.6
10/30/13,14.55,15.55,16.9,17.7,18.2,18.65,19.05,19.35,19.7
10/31/13,14.5,15.5,16.85,17.7,18.25,18.65,19.05,19.35,19.65
11/1/13,14.45,15.6,16.9,17.8,18.35,18.75,19.2,19.5,19.75
11/4/13,13.95,15.1,16.5,17.45,18.05,18.55,18.95,19.3,19.55
11/5/13,14,15.2,16.6,17.55,18.15,18.65,19.05,19.4,19.65
11/6/13,13.7,14.95,16.4,17.35,17.95,18.4,18.9,19.2,19.55
11/7/13,14.25,15.4,16.75,17.65,18.25,18.75,19.15,19.45,19.8
11/8/13,13.6,14.85,16.35,17.3,17.9,18.45,18.85,19.2,19.45
11/11/13,13.3,14.75,16.45,17.4,18.05,18.5,18.9,19.25,19.5
11/12/13,13.35,14.8,16.45,17.45,18.1,18.55,19.05,19.35,19.65
11/13/13,13.25,14.65,16.45,17.5,18.25,18.7,19.2,19.5,19.75
11/14/13,13.05,14.6,16.4,17.55,18.25,18.8,19.25,19.55,19.8
11/15/13,12.95,14.35,16.3,17.45,18.2,18.75,19.2,19.5,19.8
11/18/13,13.3,14.3,16.15,17.4,18.1,18.6,19.15,19.45,19.75
11/19/13,13.6,14.5,16.4,17.55,18.2,18.7,19.15,19.45,19.75
11/20/13,14.15,16,17.15,17.9,18.45,18.95,19.35,19.6,0
11/21/13,13.7,15.5,16.7,17.45,18,18.55,18.95,19.25,0
11/22/13,13.6,15.2,16.45,17.25,17.8,18.35,18.8,19.1,0
11/25/13,13.65,15.05,16.3,17.1,17.7,18.3,18.75,19.05,0
11/26/13,13.75,15,16.3,17.1,17.65,18.25,18.75,19.15,19.5
11/27/13,13.85,15.1,16.3,17.1,17.7,18.25,18.75,19.15,19.45
11/29/13,13.95,15.15,16.35,17.15,17.7,18.25,18.7,19.15,19.4
12/2/13,14.3,15.2,16.3,17.1,17.6,18.2,18.65,19.1,19.45
12/3/13,14.65,15.5,16.5,17.2,17.7,18.2,18.65,19.05,19.4
12/4/13,14.25,15.4,16.45,17.15,17.6,18.1,18.55,18.9,19.25
12/5/13,14.55,15.5,16.45,17.15,17.6,18.05,18.5,18.85,19.2
12/6/13,13.95,15,16.05,16.75,17.25,17.8,18.25,18.6,18.95
12/9/13,13.75,14.8,15.8,16.5,17.05,17.5,18,18.4,18.75
12/10/13,13.95,14.9,15.9,16.6,17.1,17.6,18.05,18.4,18.8
12/11/13,14.9,15.45,16.4,17.1,17.55,18.05,18.5,18.85,19.2
12/12/13,15.4,15.5,16.45,17.1,17.6,18.05,18.55,18.95,19.25
12/13/13,15.5,15.5,16.5,17.2,17.65,18.05,18.5,18.9,19.15
12/16/13,15.9,15.75,16.6,17.3,17.75,18.15,18.5,18.95,19.25
12/17/13,16.25,15.55,16.4,17.05,17.55,18,18.35,18.8,19.1
12/18/13,14.5,15.55,16.35,16.9,17.35,17.85,18.3,18.65,0
12/19/13,14.45,15.6,16.5,17.1,17.55,18,18.45,18.8,0
12/20/13,14.45,15.45,16.35,16.95,17.45,17.9,18.4,18.7,0
12/23/13,13.9,15,15.95,16.65,17.15,17.65,18.15,18.5,0
12/24/13,13.4,14.6,15.65,16.3,16.75,17.2,17.75,18.3,18.65
12/26/13,13.4,14.5,15.55,16.2,16.75,17.2,17.75,18.1,18.55
12/27/13,13.7,14.65,15.65,16.3,16.85,17.25,17.8,18.15,18.6
12/30/13,13.9,14.85,15.8,16.45,16.95,17.4,17.95,18.3,18.65
12/31/13,13.95,14.75,15.6,16.25,16.8,17.25,17.7,18.1,18.5
1/2/14,14.2,15.05,15.9,16.5,17,17.45,17.95,18.3,18.65
1/3/14,14.05,14.9,15.8,16.4,16.95,17.35,17.9,18.25,18.65
1/6/14,13.9,14.75,15.55,16.2,16.7,17.15,17.7,18.05,18.45
1/7/14,13.65,14.45,15.3,15.9,16.4,16.9,17.4,17.8,18.2
1/8/14,13.7,14.45,15.25,15.85,16.4,16.8,17.35,17.7,18.15
1/9/14,13.65,14.55,15.35,15.95,16.5,16.95,17.45,17.85,18.25
1/10/14,13.25,14.3,15.2,15.8,16.4,16.8,17.35,17.75,18.15
1/13/14,13.8,14.55,15.4,16,16.65,17.1,17.65,18.05,18.4
1/14/14,13.1,14.1,15.15,15.85,16.5,16.95,17.55,17.9,18.35
1/15/14,13.15,14.15,15.15,15.9,16.55,17.1,17.65,18.05,18.45
1/16/14,13.45,14.3,15.2,15.95,16.6,17.1,17.65,18.05,18.45
1/17/14,13.45,14.25,15.3,16.05,16.7,17.25,17.75,18.15,18.55
1/21/14,13.25,14.1,15.1,15.95,16.6,17.1,17.65,18,18.4
1/22/14,13.85,14.8,15.55,16.25,16.75,17.25,17.7,18.05,0
1/23/14,14.2,14.95,15.65,16.35,16.9,17.4,17.9,18.25,0
1/24/14,16.2,16.2,16.75,17.25,17.7,18.2,18.6,18.95,0
1/27/14,16.1,16.25,16.65,17.1,17.6,18.1,18.45,18.8,0
1/28/14,15.2,15.55,16.1,16.6,17.1,17.65,18.05,18.4,18.7
1/29/14,16.4,16.45,16.8,17.15,17.5,17.9,18.25,18.6,18.85
1/30/14,16.65,16.6,16.9,17.35,17.7,18.1,18.45,18.75,19
1/31/14,17.6,17.35,17.4,17.65,17.85,18.2,18.5,18.85,19.15
2/3/14,19.2,18.6,18.45,18.55,18.7,18.95,19.15,19.4,19.45
2/4/14,18.65,18.35,18.45,18.6,18.8,19.1,19.3,19.5,19.6
2/5/14,19.15,18.75,18.85,19,19.25,19.55,19.75,19.9,20
2/6/14,17,17,17.35,17.8,18.15,18.55,18.85,19.1,19.3
2/7/14,15.5,15.9,16.5,16.95,17.4,17.85,18.15,18.5,18.75
2/10/14,15.65,15.85,16.45,16.95,17.35,17.8,18.15,18.45,18.75
2/11/14,15.05,15.3,15.95,16.5,16.9,17.4,17.75,18.15,18.4
2/12/14,14.55,15,15.75,16.4,16.9,17.4,17.75,18.15,18.4
2/13/14,14.6,14.95,15.65,16.35,16.8,17.25,17.6,17.95,18.25
2/14/14,14.2,14.7,15.45,16.2,16.7,17.2,17.55,17.9,18.15
2/17/14,14.2,14.7,15.45,16.2,16.7,17.2,17.55,17.9,18.15
2/18/14,14.25,14.45,15.1,15.9,16.4,16.9,17.2,17.6,17.9
2/19/14,15.4,15.8,16.45,16.9,17.3,17.6,17.95,18.2,17.9
2/20/14,14.95,15.4,16.05,16.65,17.1,17.4,17.8,18.1,17.9
2/21/14,15.15,15.45,16.1,16.6,17.1,17.45,17.85,18.1,17.9
2/24/14,15,15.4,16.05,16.6,17.1,17.5,17.95,18.2,18.2
2/25/14,14.9,15.3,15.95,16.5,17.05,17.45,17.85,18.2,18.35
2/26/14,15.3,15.65,16.3,16.85,17.35,17.7,18.1,18.4,18.55
2/27/14,15.1,15.55,16.25,16.85,17.4,17.8,18.2,18.45,18.55
2/28/14,15.25,15.7,16.4,17,17.5,17.9,18.3,18.6,18.75
3/3/14,16.6,16.65,17,17.5,17.95,18.3,18.7,18.9,19
3/4/14,15.1,15.6,16.35,16.95,17.5,17.85,18.25,18.5,18.65
3/5/14,15.15,15.6,16.35,16.9,17.5,17.85,18.25,18.5,18.65
3/6/14,15.05,15.55,16.25,16.85,17.4,17.75,18.1,18.4,18.55
3/7/14,15.5,15.85,16.45,17,17.55,17.85,18.25,18.5,18.65
3/10/14,15.3,15.9,16.45,17.05,17.55,17.85,18.2,18.45,18.6
3/11/14,15.55,16.1,16.7,17.2,17.7,18,18.4,18.65,18.8
3/12/14,15.3,15.95,16.6,17.15,17.7,18,18.4,18.65,18.75
3/13/14,16.6,16.6,17.05,17.5,17.95,18.2,18.55,18.85,19
3/14/14,17.7,17.1,17.25,17.65,18.05,18.35,18.65,18.9,19
3/17/14,16.15,16.15,16.6,17,17.45,17.8,18.15,18.4,18.55
3/18/14,15.6,16.25,16.8,17.3,17.6,18,18.3,18.45,18.55
3/19/14,16,16.5,16.95,17.4,17.7,18,18.35,18.55,18.55
3/20/14,15.75,16.2,16.7,17.2,17.55,17.9,18.2,18.35,18.55
3/21/14,16,16.45,16.95,17.4,17.65,18,18.3,18.4,18.55
3/24/14,15.95,16.45,16.95,17.4,17.65,18,18.3,18.4,18.05
3/25/14,15.7,16.25,16.85,17.4,17.7,18.05,18.35,18.45,18.45
3/26/14,16.05,16.65,17.15,17.65,17.9,18.2,18.45,18.6,18.6
3/27/14,15.75,16.4,16.95,17.5,17.8,18.1,18.4,18.5,18.55
3/28/14,15.6,16.25,16.8,17.35,17.65,18.05,18.3,18.4,18.45
3/31/14,15.15,15.85,16.4,16.95,17.35,17.75,18.05,18.15,18.25
4/1/14,14.5,15.45,16.05,16.6,17.05,17.5,17.85,18,18.1
4/2/14,14.6,15.55,16.15,16.75,17.15,17.55,17.9,18.05,18.15
4/3/14,14.45,15.4,16,16.55,16.95,17.4,17.7,17.9,18
4/4/14,14.85,15.75,16.25,16.8,17.1,17.5,17.8,18,18.1
4/7/14,15.5,16,16.4,16.95,17.3,17.7,18,18.15,18.3
4/8/14,15.15,15.75,16.25,16.75,17.1,17.5,17.85,18,18.1
4/9/14,14.5,15.45,16,16.6,16.95,17.35,17.7,17.85,17.9
4/10/14,15.85,16.25,16.5,17,17.3,17.65,18,18.15,18.25
4/11/14,16.85,16.65,16.85,17.2,17.5,17.85,18.2,18.35,18.35
4/14/14,16.2,16.65,16.85,17.25,17.5,17.85,18.2,18.3,18.3
4/15/14,15.6,16.45,16.65,17.15,17.4,17.75,18.1,18.25,18.25
4/16/14,15.9,16.35,16.8,17.1,17.45,17.8,18,18.05,18.25
4/17/14,15.6,16.1,16.7,17.05,17.45,17.8,18,18.05,18.25
4/18/14,15.6,16.1,16.7,17.05,17.45,17.8,18,18.05,18.25
4/21/14,15.4,16.05,16.65,17.05,17.45,17.8,18.05,18.1,18.5
4/22/14,15.25,15.85,16.5,17,17.4,17.8,18,18.05,18.3
4/23/14,15.4,15.8,16.45,17,17.5,17.9,18.1,18.15,18.4
4/24/14,15.5,16.05,16.55,17,17.45,17.8,18,18.05,18.4
4/25/14,15.6,16.2,16.65,17.1,17.5,17.85,18.05,18.1,18.45
4/28/14,15.2,15.9,16.4,16.8,17.3,17.65,17.85,17.95,18.3
4/29/14,15,15.7,16.2,16.7,17.15,17.55,17.75,17.8,18.1
4/30/14,15,15.75,16.25,16.7,17.15,17.55,17.8,17.85,18.2
5/1/14,14.9,15.75,16.2,16.7,17.15,17.5,17.75,17.85,18.2
5/2/14,14.9,15.85,16.3,16.8,17.3,17.65,17.9,17.95,18.3
5/5/14,14.6,15.6,16.1,16.6,17.1,17.5,17.75,17.85,18.2
5/6/14,14.75,15.8,16.3,16.75,17.2,17.65,17.9,18,18.35
5/7/14,14.4,15.45,16,16.5,17,17.4,17.7,17.8,18.15
5/8/14,14.45,15.45,16,16.5,17,17.4,17.7,17.75,18.15
5/9/14,14.05,15.2,15.75,16.3,16.75,17.15,17.45,17.55,17.9
5/12/14,13.5,14.8,15.45,16.05,16.6,17,17.25,17.4,17.75
5/13/14,13.5,14.85,15.5,16.05,16.6,17,17.3,17.35,17.7
5/14/14,13.25,14.75,15.45,16.1,16.65,17.1,17.35,17.45,17.85
5/15/14,13.7,14.9,15.55,16.15,16.65,17.1,17.4,17.5,17.9
5/16/14,13.25,14.65,15.4,16,16.55,16.95,17.3,17.4,17.8
5/19/14,13,14.35,15.1,15.75,16.3,16.75,17.1,17.2,17.65
5/20/14,13.05,14.4,15.15,15.85,16.35,16.8,17.1,17.2,17.6
5/21/14,14.1,15.05,15.65,16.2,16.7,17,17.1,17.45,17.6
5/22/14,14.05,15.1,15.7,16.35,16.8,17.15,17.3,17.65,17.6
5/23/14,13.9,15.05,15.75,16.35,16.85,17.15,17.3,17.7,17.6
5/26/14,13.9,15.05,15.75,16.35,16.85,17.15,17.3,17.7,17.6
5/27/14,13.45,14.65,15.4,16.1,16.6,17,17.15,17.55,18.8
5/28/14,13.45,14.75,15.5,16.25,16.75,17.1,17.3,17.65,17.85
5/29/14,13.3,14.7,15.5,16.2,16.75,17.1,17.3,17.7,17.9
5/30/14,13.3,14.8,15.6,16.3,16.9,17.25,17.45,17.85,18.15
6/2/14,13.2,14.75,15.6,16.3,16.9,17.3,17.5,17.9,18.2
6/3/14,13.3,14.75,15.5,16.3,16.85,17.25,17.45,17.85,18.15
6/4/14,13.2,14.55,15.3,16.05,16.65,17.1,17.3,17.75,18
6/5/14,12.65,14.05,14.9,15.75,16.4,16.8,17,17.5,17.75
6/6/14,12,13.3,14.25,15.15,15.8,16.25,16.5,17,17.3
6/9/14,12.2,13.45,14.4,15.3,15.95,16.4,16.65,17.2,17.45
6/10/14,12.05,13.25,14.25,15.2,15.9,16.35,16.65,17.15,17.45
6/11/14,12.5,13.5,14.4,15.3,16.05,16.5,16.8,17.3,17.6
6/12/14,13.2,14.15,14.9,15.75,16.4,16.85,17.15,17.65,17.95
6/13/14,12.95,13.8,14.6,15.55,16.2,16.65,16.95,17.45,17.75
6/16/14,13.05,13.8,14.5,15.4,16.1,16.55,16.9,17.45,17.7
6/17/14,12.35,13.45,14.3,15.2,15.95,16.45,16.8,17.35,17.65
6/18/14,12.7,13.7,14.75,15.5,16.05,16.35,17,17.3,17.65
6/19/14,12.8,13.8,14.75,15.5,16.05,16.45,17.05,17.4,17.65
6/20/14,12.9,13.9,14.8,15.6,16.15,16.55,17.15,17.5,17.65
6/23/14,12.6,13.7,14.6,15.45,16,16.4,17.05,17.4,17.7
6/24/14,13.1,13.95,14.8,15.6,16.15,16.5,17.15,17.55,17.8
6/25/14,12.65,13.6,14.45,15.3,15.9,16.3,17,17.4,17.6
6/26/14,12.75,13.6,14.45,15.2,15.75,16.15,16.85,17.25,17.55
6/27/14,12.65,13.5,14.4,15.25,15.8,16.2,16.9,17.3,17.55
6/30/14,12.45,13.35,14.2,15,15.6,16,16.7,17.15,17.4
7/1/14,12.1,13.05,13.95,14.8,15.35,15.8,16.5,17,17.3
7/2/14,11.95,12.9,13.8,14.6,15.2,15.6,16.35,16.8,17.1
7/3/14,11.8,12.8,13.7,14.5,15.05,15.45,16.2,16.65,16.95
7/4/14,11.8,12.8,13.7,14.5,15.05,15.45,16.2,16.65,16.95
7/7/14,12.15,13.05,13.9,14.75,15.3,15.7,16.45,16.85,17.15
7/8/14,12.4,13.1,13.95,14.75,15.3,15.7,16.45,16.9,17.2
7/9/14,12.25,12.85,13.7,14.55,15.15,15.55,16.25,16.75,17.05
7/10/14,13,13.35,14.05,14.75,15.3,15.65,16.35,16.85,17.15
7/11/14,12.65,13.2,13.9,14.65,15.15,15.55,16.25,16.75,17.05
7/14/14,12.05,12.75,13.45,14.25,14.85,15.2,15.95,16.45,16.8
7/15/14,12.2,13,13.65,14.35,14.9,15.25,16,16.5,16.8
7/16/14,12.7,13.6,14.4,15,15.3,16.05,16.55,16.85,16.8
7/17/14,13.7,14.25,14.8,15.3,15.55,16.2,16.7,17,16.8
7/18/14,13,13.7,14.4,14.95,15.25,15.95,16.5,16.85,16.8
7/21/14,13.4,13.95,14.5,15.05,15.35,16.1,16.6,16.9,16.9
7/22/14,13,13.7,14.35,14.95,15.3,16,16.55,16.9,17.2
7/23/14,13.05,13.85,14.5,15.1,15.45,16.15,16.7,17,17.35
7/24/14,13.2,14.05,14.65,15.2,15.5,16.2,16.75,17.1,17.45
7/25/14,13.5,14.3,14.85,15.35,15.65,16.3,16.85,17.1,17.5
7/28/14,13.35,14.15,14.75,15.25,15.5,16.2,16.75,17.05,17.4
7/29/14,13.45,14.2,14.7,15.2,15.45,16.15,16.7,17,17.4
7/30/14,13.55,14.3,14.8,15.25,15.5,16.2,16.75,17.05,17.45
7/31/14,15.2,15.5,15.75,16.1,16.2,16.85,17.35,17.65,18
8/1/14,16.05,16.1,16.25,16.55,16.7,17.3,17.85,18.1,18.45
8/4/14,14.95,15.35,15.7,16.05,16.25,16.95,17.45,17.75,18.15
8/5/14,16.15,16.2,16.45,16.8,16.85,17.45,17.95,18.3,18.65
8/6/14,16.2,16.3,16.55,16.9,17.05,17.65,18.1,18.45,18.8
8/7/14,16.65,16.65,16.95,17.3,17.4,18,18.45,18.7,19.05
8/8/14,16,16.15,16.45,16.9,17.1,17.7,18.2,18.5,18.8
8/11/14,14.8,15.3,15.8,16.3,16.5,17.2,17.7,18.05,18.4
8/12/14,14.65,15.15,15.7,16.2,16.45,17.15,17.65,18,18.35
8/13/14,13.55,14.4,15.05,15.7,16,16.7,17.25,17.6,17.95
8/14/14,12.95,13.9,14.6,15.25,15.65,16.35,16.85,17.25,17.65
8/15/14,13.25,13.9,14.55,15.2,15.6,16.35,16.85,17.2,17.6
8/18/14,12.55,13.4,14.15,14.8,15.2,16,16.55,16.9,17.3
8/19/14,12.2,13.5,14.1,14.7,15.1,15.9,16.45,16.85,17.2
8/20/14,13.5,14.2,14.8,15.2,15.9,16.45,16.85,17.2,17.2
8/21/14,13.4,14.15,14.8,15.2,16,16.5,16.9,17.25,17.2
8/22/14,13.5,14.25,14.85,15.25,16,16.55,16.95,17.3,17.2
8/25/14,13.35,14.15,14.8,15.2,15.95,16.5,16.9,17.25,18.25
8/26/14,13.45,14.35,14.95,15.4,16.15,16.7,17.1,17.45,17.75
8/27/14,13.55,14.45,15.05,15.5,16.3,16.85,17.25,17.6,17.9
8/28/14,13.6,14.45,15.1,15.5,16.3,16.8,17.2,17.6,17.9
8/29/14,13.8,14.55,15.2,15.55,16.3,16.8,17.2,17.5,17.55
9/1/14,13.8,14.55,15.2,15.55,16.3,16.8,17.2,17.5,17.55
9/2/14,13.75,14.65,15.3,15.7,16.4,16.9,17.25,17.6,17.85
9/3/14,13.5,14.5,15.15,15.6,16.3,16.85,17.2,17.55,17.8
9/4/14,13.55,14.45,15.1,15.55,16.25,16.75,17.1,17.45,17.75
9/5/14,13.2,14.2,14.9,15.25,16,16.5,16.9,17.25,17.55
9/8/14,13.35,14.25,14.9,15.25,16,16.5,16.9,17.3,17.6
9/9/14,13.85,14.55,15.05,15.4,16.1,16.65,17.05,17.4,17.7
9/10/14,13.7,14.5,15,15.4,16.1,16.65,17.05,17.4,17.65
9/11/14,13.55,14.5,15.05,15.4,16.15,16.65,17.05,17.45,17.75
9/12/14,14.05,14.8,15.25,15.6,16.3,16.8,17.2,17.55,17.9
9/15/14,14.4,15.2,15.6,15.95,16.6,17.05,17.45,17.8,18.1
9/16/14,13.05,14.4,14.95,15.4,16.2,16.7,17.1,17.45,17.7
9/17/14,14.25,14.95,15.4,16.15,16.65,17.1,17.45,17.75,17.7
9/18/14,14.05,14.8,15.3,16.1,16.65,17,17.45,17.75,17.7
9/19/14,14.15,14.95,15.4,16.15,16.7,17.1,17.55,17.8,17.7
9/22/14,14.9,15.45,15.75,16.45,16.95,17.3,17.7,17.95,18.2
9/23/14,15.4,15.9,16.2,16.85,17.35,17.65,18,18.25,18.55
9/24/14,14.65,15.35,15.8,16.55,17.05,17.45,17.8,18.1,18.35
9/25/14,15.8,16.1,16.35,16.95,17.4,17.75,18.1,18.35,18.55
9/26/14,15.35,15.85,16.15,16.85,17.35,17.7,18.05,18.3,18.5
9/29/14,16.25,16.55,16.75,17.35,17.8,18.15,18.5,18.7,18.95
9/30/14,16.3,16.65,16.8,17.45,17.9,18.25,18.6,18.8,19.05
10/1/14,16.9,17.05,17.2,17.8,18.3,18.65,19,19.15,19.3
10/2/14,16.55,16.8,17.05,17.65,18.15,18.5,18.85,19.05,19.25
10/3/14,15.2,15.8,16.15,16.85,17.35,17.7,18.1,18.35,18.55
10/6/14,15.75,16.2,16.5,17.15,17.65,18,18.4,18.6,18.85
10/7/14,17.1,17.2,17.35,17.9,18.35,18.65,19,19.2,19.35
10/8/14,15.25,15.7,16.05,16.8,17.3,17.65,18.05,18.25,18.5
10/9/14,17.2,17,17.1,17.6,18.1,18.4,18.75,18.95,19.2
10/10/14,19.8,18.65,18.45,18.85,19.15,19.45,19.75,19.85,19.95
10/13/14,22.75,20.85,20,20.1,20.25,20.4,20.65,20.7,20.8
10/14/14,20.9,19.75,19.15,19.35,19.6,19.7,19.95,20.05,20.1
10/15/14,23.95,22.1,21.05,20.9,20.9,20.9,21.15,21.2,21.25
10/16/14,22.3,21.05,20.15,20.2,20.35,20.45,20.65,20.65,20.75
10/17/14,21,19.95,19.3,19.4,19.55,19.7,19.95,20,20.1
10/20/14,18.5,18.3,18.35,18.75,19.1,19.3,19.65,19.7,19.8
10/21/14,16.35,16.95,17.2,17.9,18.35,18.55,18.9,19.05,19.25
10/22/14,18.1,18.05,18.6,18.9,19.05,19.35,19.5,19.55,19.25
10/23/14,17.3,17.3,17.95,18.4,18.55,18.9,19.05,19.2,19.25
10/24/14,16.95,17.05,17.75,18.15,18.35,18.7,18.9,19,19.25
10/27/14,16.95,16.85,17.5,17.95,18.15,18.5,18.7,18.8,18.8
10/28/14,15.7,15.9,16.65,17.2,17.5,17.85,18.1,18.3,18.55
10/29/14,16.3,16.3,17,17.45,17.7,18.1,18.35,18.5,18.65
10/30/14,16.15,16.3,17,17.55,17.8,18.2,18.45,18.6,18.65
10/31/14,15.8,16.05,16.8,17.4,17.75,18.15,18.45,18.6,18.75
11/3/14,15.95,16.25,17,17.6,17.9,18.25,18.55,18.7,18.95
11/4/14,15.85,16.25,17.05,17.65,17.95,18.3,18.6,18.75,19.05
11/5/14,15.3,15.9,16.75,17.4,17.75,18.1,18.4,18.6,18.85
11/6/14,14.9,15.45,16.35,17,17.35,17.8,18.1,18.35,18.6
11/7/14,14.8,15.5,16.4,17,17.4,17.8,18.15,18.35,18.65
11/10/14,14,14.95,15.85,16.55,16.95,17.4,17.75,18,18.35
11/11/14,14.1,14.85,15.7,16.4,16.8,17.3,17.65,17.85,18.15
11/12/14,14.4,15.2,15.95,16.6,17,17.5,17.85,18.05,18.35
11/13/14,14.7,15.55,16.25,16.95,17.35,17.85,18.2,18.35,18.65
11/14/14,14.35,15.3,16,16.65,17.1,17.55,17.9,18.15,18.5
11/17/14,14.35,15.35,16,16.65,17.1,17.55,17.95,18.15,18.5
11/18/14,14,15.3,16,16.7,17.15,17.6,18,18.25,18.6
11/19/14,15.5,16.25,16.9,17.35,17.8,18.2,18.45,18.75,18.6
11/20/14,15.15,16.05,16.75,17.2,17.7,18.05,18.35,18.65,18.6
11/21/14,14.95,16.05,16.8,17.2,17.7,18.05,18.35,18.6,18.6
11/24/14,14.55,15.85,16.7,17.15,17.7,18.05,18.35,18.6,18.95
11/25/14,14.45,15.8,16.7,17.2,17.75,18.15,18.4,18.7,18.95
11/26/14,14.2,15.65,16.55,17.1,17.65,18.05,18.35,18.6,18.9
11/27/14,14.2,15.65,16.55,17.1,17.65,18.05,18.35,18.6,18.9
11/28/14,14.85,15.95,16.75,17.2,17.75,18.1,18.4,18.7,18.6
12/1/14,15.6,16.65,17.35,17.75,18.25,18.55,18.8,19.05,19.3
12/2/14,14.25,15.55,16.45,16.95,17.45,17.85,18.1,18.4,18.6
12/3/14,14.25,15.65,16.5,16.95,17.5,17.9,18.2,18.5,18.7
12/4/14,13.95,15.45,16.35,16.85,17.35,17.75,18.05,18.35,18.55
12/5/14,13.6,15.35,16.3,16.85,17.4,17.75,18.05,18.35,18.55
12/8/14,14.7,16.15,16.9,17.35,17.85,18.2,18.5,18.8,19
12/9/14,14.9,16.15,16.85,17.25,17.8,18.15,18.45,18.75,18.95
12/10/14,17.4,17.75,18.1,18.35,18.75,19,19.25,19.55,19.75
12/11/14,19.1,19.15,19.25,19.35,19.65,19.85,20.1,20.3,20.45
12/12/14,19.6,19.15,19.45,19.55,19.85,20,20.2,20.4,20.5
12/15/14,19.6,18.75,19.15,19.3,19.7,19.9,20.15,20.35,20.45
12/16/14,23.1,20.1,20.1,20.05,20.25,20.4,20.6,20.85,20.95
12/17/14,17.65,18.15,18.3,18.7,19,19.25,19.55,19.65,20.95
12/18/14,17.2,17.6,17.8,18.15,18.4,18.65,19,19.15,20.95
12/19/14,16.55,17.15,17.55,17.9,18.15,18.4,18.65,18.85,20.95
12/22/14,16.425,17.025,17.375,17.775,18.025,18.3,18.625,18.8,19.3
12/23/14,15.925,16.725,17.275,17.725,18.075,18.375,18.725,18.9,19.15
12/24/14,16.225,16.925,17.375,17.825,18.225,18.5,18.875,19.05,19.225
12/25/14,16.225,16.925,17.375,17.825,18.225,18.5,18.875,19.05,19.225
12/26/14,15.825,16.525,17.05,17.575,17.975,18.275,18.675,18.85,19.5
12/29/14,16.075,16.725,17.125,17.625,18.025,18.325,18.675,18.875,19.175
12/30/14,16.425,17.025,17.375,17.825,18.175,18.475,18.875,19.025,19.325
12/31/14,18.025,18.225,18.375,18.625,18.875,19.125,19.475,19.625,19.925
1/1/15,18.025,18.225,18.375,18.625,18.875,19.125,19.475,19.625,19.925
1/2/15,17.825,18.225,18.475,18.775,19.075,19.325,19.6,19.775,20.1
1/5/15,19.125,19.2,19.325,19.575,19.775,19.925,20.225,20.325,20.675
1/6/15,19.875,19.675,19.625,19.825,19.95,20.125,20.4,20.5,20.75
1/7/15,18.85,18.725,18.825,19.1,19.325,19.525,19.825,19.925,20.15
1/8/15,17.675,17.775,17.975,18.275,18.525,18.775,19.1,19.3,19.55
1/9/15,18.625,18.675,18.725,19.1,19.275,19.425,19.7,19.85,20.075
1/12/15,19.575,19.375,19.275,19.475,19.625,19.75,20,20.075,20.325
1/13/15,20.175,19.725,19.625,19.725,19.825,19.925,20.175,20.25,20.45
1/14/15,20.575,19.875,19.625,19.725,19.825,19.925,20.175,20.2,20.425
1/15/15,21.475,20.775,20.375,20.325,20.325,20.375,20.575,20.525,20.725
1/16/15,20.625,20.125,20.025,20.075,20.175,20.225,20.475,20.425,20.575
1/19/15,20.625,20.125,20.025,20.075,20.175,20.225,20.475,20.425,20.575
1/20/15,20.175,20.125,20.025,20.125,20.225,20.275,20.475,20.45,20.65
1/21/15,18.875,19.025,19.325,19.475,19.575,19.825,19.875,20.025,20.65
1/22/15,17.875,18.125,18.575,18.825,19.075,19.325,19.425,19.625,20.65
1/23/15,18.375,18.525,18.875,19.125,19.375,19.625,19.775,19.95,20.65
1/26/15,17.225,17.625,18.175,18.525,18.875,19.175,19.375,19.575,19.8
1/27/15,17.875,18.075,18.525,18.825,19.125,19.425,19.575,19.775,20.225
1/28/15,20.475,20.125,20.275,20.425,20.625,20.825,20.925,21.075,21.425
1/29/15,19.075,18.875,19.175,19.375,19.625,19.875,19.975,20.125,20.225
1/30/15,21.025,20.25,20.3,20.325,20.475,20.65,20.725,20.825,21.05
2/2/15,19.975,19.625,19.775,19.875,20.025,20.225,20.325,20.475,21.925
2/3/15,18.875,19.075,19.375,19.575,19.775,20.025,20.075,20.275,20.975
2/4/15,19.775,19.825,20.025,20.125,20.275,20.475,20.575,20.675,20.7
2/5/15,18.675,19.075,19.425,19.65,19.825,20.075,20.125,20.275,20.275
2/6/15,19.175,19.55,19.8,19.9,20.075,20.225,20.325,20.45,20.75
2/9/15,19.625,19.925,20.175,20.275,20.425,20.575,20.625,20.75,20.875
2/10/15,18.575,19.15,19.55,19.775,19.95,20.125,20.225,20.35,20.5
2/11/15,18.425,19.075,19.475,19.675,19.875,20.075,20.175,20.3,20.425
2/12/15,16.875,18.225,18.725,19.1,19.375,19.7,19.825,19.975,20.2
2/13/15,16.5,18.15,18.525,18.875,19.125,19.45,19.625,19.775,19.775
2/16/15,16.5,18.15,18.525,18.875,19.125,19.45,19.625,19.775,19.775
2/17/15,16.2,18.25,18.725,19.075,19.375,19.625,19.775,19.975,20.15
2/18/15,17.875,18.6,18.975,19.225,19.575,19.725,19.975,20.125,20.15
2/19/15,17.625,18.525,18.925,19.275,19.625,19.775,19.975,20.125,20.15
2/20/15,16.925,17.85,18.425,18.825,19.225,19.375,19.625,19.875,20.15
2/23/15,17.025,17.975,18.525,18.875,19.275,19.425,19.7,19.875,20.15
2/24/15,16.125,17.325,17.875,18.275,18.675,18.875,19.175,19.35,19.725
2/25/15,16.425,17.675,18.125,18.475,18.875,19.025,19.325,19.45,19.575
2/26/15,16.025,17.475,17.925,18.275,18.625,18.825,19.125,19.3,19.375
2/27/15,15.825,17.375,17.825,18.175,18.525,18.725,19.025,19.175,19.3
3/2/15,15.325,16.975,17.425,17.775,18.175,18.375,18.7,18.85,18.925
3/3/15,15.775,17.325,17.725,17.975,18.375,18.525,18.825,18.975,19.05
3/4/15,15.725,17.325,17.675,17.925,18.3,18.475,18.725,18.875,18.975
3/5/15,15.325,17.075,17.475,17.725,18.1,18.325,18.575,18.725,18.8
3/6/15,16.225,17.775,18.025,18.175,18.425,18.575,18.85,19,19.075
3/9/15,15.825,17.575,17.875,18.075,18.375,18.575,18.875,18.975,19.05
3/10/15,16.925,18.375,18.55,18.675,18.95,19.075,19.375,19.5,19.55
3/11/15,17.225,18.525,18.775,18.925,19.175,19.325,19.575,19.7,19.725
3/12/15,15.875,17.425,17.925,18.225,18.525,18.725,19.025,19.175,19.25
3/13/15,16.425,17.875,18.275,18.475,18.775,18.975,19.275,19.45,19.7
3/16/15,16.125,17.475,18.025,18.225,18.525,18.725,19.025,19.175,19.25
3/17/15,15.625,17.375,17.925,18.225,18.525,18.675,19.025,19.175,19.275
3/18/15,16.525,17.475,17.775,18.175,18.425,18.725,18.975,19.05,19.275
3/19/15,16.525,17.675,18.025,18.425,18.625,18.925,19.125,19.175,19.275
3/20/15,16.175,17.625,18.025,18.425,18.575,18.925,19.15,19.225,19.275
3/23/15,16.075,17.625,18.025,18.425,18.575,18.875,19.125,19.175,19.175
3/24/15,15.875,17.575,18.025,18.375,18.575,18.875,19.125,19.2,19.25
3/25/15,16.575,18.075,18.475,18.775,18.925,19.175,19.425,19.475,19.55
3/26/15,16.475,17.825,18.275,18.625,18.775,19.075,19.275,19.375,19.45
3/27/15,16.225,17.725,18.175,18.525,18.775,19.125,19.325,19.4,19.425
3/30/15,15.775,17.375,17.925,18.425,18.675,18.975,19.275,19.325,19.4
3/31/15,16.275,17.825,18.325,18.675,18.875,19.175,19.475,19.525,19.6
4/1/15,16.025,17.675,18.275,18.675,18.925,19.275,19.475,19.6,19.625
4/2/15,15.625,17.475,18.125,18.625,18.875,19.225,19.525,19.6,19.65
4/3/15,15.625,17.475,18.125,18.625,18.875,19.225,19.525,19.6,19.65
4/6/15,15.275,17.125,17.825,18.275,18.525,18.925,19.225,19.375,19.425
4/7/15,15.275,17.075,17.775,18.225,18.475,18.825,19.175,19.325,19.375
4/8/15,14.825,16.725,17.575,18.125,18.475,18.825,19.175,19.325,19.35
4/9/15,14.075,16.175,17.125,17.725,18.125,18.575,18.975,19.125,19.2
4/10/15,13.425,15.425,16.475,17.175,17.6,18.075,18.475,18.7,18.75
4/13/15,14.325,16.075,17.025,17.575,17.975,18.375,18.775,18.975,19.025
4/14/15,13.575,15.625,16.775,17.475,17.925,18.4,18.775,18.975,19.05
4/15/15,15.325,16.575,17.325,17.775,18.275,18.725,18.925,18.975,19.05
4/16/15,15.125,16.475,17.325,17.775,18.225,18.625,18.875,18.95,19.05
4/17/15,15.675,16.875,17.625,18.025,18.525,18.875,19.125,19.2,19.05
4/20/15,15.175,16.575,17.375,17.775,18.275,18.675,18.925,18.975,18.975
4/21/15,15.125,16.525,17.325,17.725,18.225,18.675,18.925,19.025,19.35
4/22/15,14.925,16.325,17.175,17.6,18.125,18.575,18.875,18.975,19.15
4/23/15,14.725,16.175,17.025,17.475,18.025,18.475,18.725,18.825,19.175
4/24/15,14.625,16.175,17.025,17.475,18.025,18.475,18.725,18.825,19.175
4/27/15,15.125,16.475,17.225,17.675,18.225,18.625,18.875,18.975,19.35
4/28/15,14.475,15.975,16.825,17.325,17.825,18.275,18.525,18.625,19.125
4/29/15,15.075,16.475,17.275,17.675,18.225,18.625,18.925,18.975,19.175
4/30/15,15.525,16.625,17.375,17.775,18.325,18.675,18.975,19.05,19.375
5/1/15,14.475,15.975,16.825,17.275,17.875,18.325,18.625,18.725,19.1
5/4/15,14.475,15.975,16.775,17.275,17.825,18.325,18.625,18.725,19.175
5/5/15,15.225,16.525,17.225,17.625,18.125,18.525,18.775,18.9,19.275
5/6/15,15.675,16.675,17.325,17.725,18.225,18.625,18.875,18.925,19.325
5/7/15,15.425,16.475,17.125,17.575,18.075,18.525,18.775,18.875,19.3
5/8/15,14.375,15.95,16.775,17.275,17.825,18.25,18.525,18.65,19.125
5/11/15,14.925,16.375,17.125,17.575,18.125,18.525,18.825,18.925,19.375
5/12/15,14.625,16.125,16.975,17.425,17.975,18.425,18.725,18.8,19.25
5/13/15,14.325,15.925,16.775,17.275,17.825,18.225,18.55,18.625,19.125
5/14/15,13.725,15.625,16.575,17.125,17.725,18.175,18.525,18.575,19.1
5/15/15,13.675,15.525,16.425,17.025,17.575,18.075,18.375,18.475,19
5/18/15,13.275,14.975,16.025,16.625,17.225,17.675,18.025,18.15,18.65
5/19/15,13.125,14.875,15.875,16.475,17.075,17.575,17.925,18.05,18.6
5/20/15,14.875,15.975,16.55,17.125,17.625,17.975,18.125,18.65,18.6
5/21/15,14.325,15.525,16.175,16.8,17.325,17.675,17.875,18.475,18.6
5/22/15,14.425,15.725,16.375,16.975,17.525,17.875,18.075,18.625,18.6
5/25/15,14.425,15.725,16.375,16.975,17.525,17.875,18.075,18.625,18.6
5/26/15,14.925,15.975,16.525,17.075,17.575,17.925,18.075,18.65,18.9
5/27/15,14.525,15.675,16.325,16.925,17.425,17.825,17.975,18.575,18.9
5/28/15,14.475,15.725,16.325,16.975,17.475,17.825,18.025,18.6,18.925
5/29/15,14.625,15.825,16.425,17.025,17.525,17.875,18.075,18.675,18.95
6/1/15,14.575,15.775,16.375,16.925,17.475,17.775,17.975,18.55,18.925
6/2/15,14.875,16.025,16.625,17.225,17.725,18.025,18.225,18.775,19.05
6/3/15,14.375,15.675,16.325,16.925,17.475,17.875,18.025,18.65,18.975
6/4/15,14.975,16.075,16.7,17.275,17.775,18.075,18.275,18.875,19.225
6/5/15,14.725,15.975,16.625,17.275,17.775,18.125,18.325,18.875,19.2
6/8/15,15.225,16.275,16.875,17.425,17.925,18.275,18.425,19,19.325
6/9/15,14.825,16.05,16.675,17.325,17.875,18.225,18.375,18.925,19.2
6/10/15,13.875,15.425,16.175,16.825,17.425,17.775,17.975,18.575,18.975
6/11/15,13.525,15.125,15.925,16.625,17.275,17.675,17.875,18.425,18.775
6/12/15,14.2,15.375,16.075,16.775,17.425,17.775,17.975,18.575,18.9
6/15/15,15.475,16.025,16.575,17.175,17.725,18.075,18.275,18.875,19.175
6/16/15,14.925,15.65,16.325,16.975,17.525,17.925,18.125,18.725,19.05
6/17/15,15.625,16.375,17.025,17.525,17.925,18.075,18.725,19.075,19.05
6/18/15,14.975,15.925,16.625,17.225,17.625,17.825,18.475,18.825,19.05
6/19/15,15.425,16.325,16.925,17.475,17.825,17.975,18.625,18.95,19.05
6/22/15,14.525,15.575,16.325,16.925,17.325,17.575,18.175,18.5,18.675
6/23/15,14.075,15.275,16.075,16.725,17.175,17.425,18.075,18.375,18.9
6/24/15,14.575,15.625,16.375,16.925,17.325,17.525,18.15,18.425,18.725
6/25/15,14.625,15.625,16.325,16.925,17.275,17.5,18.175,18.425,18.675
6/26/15,14.525,15.475,16.175,16.725,17.175,17.375,18.025,18.325,18.55
6/29/15,17.375,17.425,17.675,17.925,18.175,18.225,18.825,19.075,19.25
6/30/15,17.325,17.375,17.625,17.925,18.125,18.175,18.675,18.925,19.05
7/1/15,15.925,16.175,16.575,16.925,17.225,17.375,17.975,18.275,18.5
7/2/15,16.925,17.025,17.3,17.55,17.775,17.825,18.375,18.625,18.675
7/3/15,16.925,17.025,17.3,17.55,17.775,17.825,18.375,18.625,18.675
7/6/15,17.225,17.375,17.675,17.9,18.075,18.125,18.675,18.875,18.95
7/7/15,16.325,16.675,17.075,17.425,17.675,17.725,18.325,18.55,18.8
7/8/15,18.425,18.175,18.25,18.325,18.425,18.425,18.875,19.05,19.175
7/9/15,18.825,18.675,18.625,18.675,18.725,18.775,19.225,19.3,19.375
7/10/15,16.775,17.175,17.575,17.875,18.025,18.125,18.675,18.875,18.9
7/13/15,14.475,15.575,16.225,16.725,17.025,17.175,17.825,18.075,18.3
7/14/15,14.075,15.575,16.275,16.825,17.125,17.275,17.925,18.175,18.4
7/15/15,13.975,15.35,16.075,16.625,16.95,17.175,17.775,18.075,18.325
7/16/15,12.925,14.475,15.425,16.175,16.575,16.825,17.475,17.825,18.025
7/17/15,12.925,14.425,15.425,16.1,16.575,16.825,17.475,17.8,17.975
7/20/15,12.525,14.225,15.2,15.925,16.4,16.675,17.375,17.725,17.95
7/21/15,12.375,14.225,15.225,15.975,16.475,16.775,17.425,17.725,17.925
7/22/15,14.175,15.325,16.075,16.575,16.85,17.525,17.875,18.025,17.925
7/23/15,14.275,15.425,16.175,16.625,16.875,17.525,17.925,18.075,17.925
7/24/15,14.9,15.8,16.475,16.825,17.075,17.675,18.1,18.2,17.925
7/27/15,15.775,16.325,16.775,17.075,17.25,17.875,18.275,18.425,18.25
7/28/15,14.375,15.475,16.175,16.575,16.825,17.525,17.925,18.125,18.275
7/29/15,14.075,15.375,16.175,16.625,16.875,17.525,17.925,18.1,18.175
7/30/15,13.925,15.325,16.075,16.575,16.825,17.525,17.875,18.1,18.325
7/31/15,13.975,15.325,16.075,16.55,16.825,17.475,17.875,18.05,18.275
8/3/15,13.875,15.125,15.875,16.325,16.625,17.275,17.725,17.925,18.325
8/4/15,14.125,15.225,15.975,16.425,16.725,17.375,17.825,18.025,18.25
8/5/15,13.925,15.175,15.925,16.425,16.675,17.325,17.725,17.95,18.2
8/6/15,14.475,15.425,16.075,16.525,16.825,17.425,17.875,18.075,18.375
8/7/15,14.275,15.225,15.925,16.325,16.625,17.275,17.725,17.925,18.325
8/10/15,13.575,14.875,15.7,16.175,16.5,17.175,17.625,17.825,18.175
8/11/15,14.475,15.475,16.125,16.525,16.825,17.475,17.875,18.075,18.45
8/12/15,14.325,15.275,16.025,16.475,16.725,17.375,17.775,18.025,18.4
8/13/15,14.175,15.075,15.875,16.375,16.65,17.325,17.725,17.95,18.3
8/14/15,14.275,15.125,15.825,16.325,16.575,17.2,17.625,17.875,18.2
8/17/15,13.825,15.025,15.725,16.225,16.55,17.225,17.675,17.9,18.25
8/18/15,14.275,15.175,16.025,16.475,16.775,17.375,17.825,18.075,18.35
8/19/15,15.725,16.325,16.725,16.975,17.575,17.975,18.225,18.575,18.35
8/20/15,17.325,17.325,17.475,17.575,18.125,18.475,18.675,18.975,18.35
8/21/15,19.9,18.625,18.325,18.275,18.675,19.025,19.175,19.475,18.35
8/24/15,25.125,22.5,21.225,20.7,20.65,20.575,20.675,20.775,20.5
8/25/15,25.325,22.55,21.45,20.8,20.8,20.8,20.85,20.9,20.1
8/26/15,23.725,21.475,20.725,20.075,20.125,20.175,20.225,20.325,20.375
8/27/15,24.175,21.55,20.75,20.2,20.375,20.425,20.45,20.625,20.625
8/28/15,24.425,21.875,21.375,21,21.2,21.225,21.275,21.475,21.525
8/31/15,26.425,23.425,22.65,22.125,22.225,22.3,22.275,22.35,22.325
9/1/15,29.725,25.825,24.675,23.95,23.95,23.975,23.875,23.9,23.9
9/2/15,25.975,23.875,23.225,22.775,22.925,23.025,22.975,23.05,21.075
9/3/15,25.625,23.875,23.375,22.95,23.1,23.2,23.175,23.2,23.075
9/4/15,28.025,25.775,24.8,24,23.95,23.875,23.775,23.775,23.625
9/7/15,28.025,25.775,24.8,24,23.95,23.875,23.775,23.775,23.625
9/8/15,24.625,23.575,23.225,22.675,22.8,22.875,22.825,22.875,20.875
9/9/15,25.825,24.225,23.625,23.025,23.1,23.125,23.075,23.1,22.9
9/10/15,24.7,23.375,23.025,22.575,22.675,22.775,22.775,22.8,22.6
9/11/15,23.8,22.925,22.725,22.35,22.525,22.675,22.675,22.775,22.625
9/14/15,23.725,22.875,22.675,22.375,22.475,22.575,22.575,22.65,22.5
9/15/15,22.575,20.425,20.65,20.625,20.925,21.175,21.275,21.45,20.375
9/16/15,18.975,19.25,19.275,19.625,19.925,20.025,20.35,20.425,20.375
9/17/15,20.425,20.075,19.975,20.225,20.45,20.525,20.775,20.875,20.375
9/18/15,21.525,20.975,20.8,21.025,21.2,21.275,21.45,21.5,20.375
9/21/15,19.675,19.825,19.875,20.175,20.425,20.525,20.775,20.875,20.875
9/22/15,21.775,21.125,20.875,21.075,21.275,21.275,21.525,21.55,21.625
9/23/15,21.125,20.675,20.525,20.725,20.925,20.95,21.225,21.275,21.225
9/24/15,21.875,21.175,21,21.225,21.375,21.425,21.675,21.725,21.75
9/25/15,22.325,21.675,21.35,21.575,21.725,21.7,21.925,21.875,22.075
9/28/15,24.075,22.725,22.175,22.225,22.325,22.275,22.425,22.425,22.475
9/29/15,23.875,22.675,22.225,22.325,22.475,22.475,22.625,22.65,22.225
9/30/15,23.025,22.125,21.775,21.975,22.175,22.175,22.425,22.35,22.525
10/1/15,22.225,21.425,21.25,21.525,21.75,21.825,22.05,22.1,22.1
10/2/15,21.075,20.475,20.45,20.775,21.075,21.175,21.475,21.575,21.05
10/5/15,19.875,19.475,19.525,19.925,20.225,20.375,20.725,20.825,20.825
10/6/15,20.325,19.925,19.925,20.325,20.6,20.725,21.025,21.075,21.075
10/7/15,19.475,19.175,19.225,19.675,20.025,20.125,20.475,20.625,20.55
10/8/15,18.425,18.525,18.775,19.275,19.65,19.825,20.175,20.275,20.525
10/9/15,18.175,18.375,18.725,19.325,19.675,19.875,20.225,20.325,20.575
10/12/15,16.725,17.175,17.675,18.325,18.8,19.025,19.45,19.6,19.775
10/13/15,18.275,18.675,18.925,19.475,19.775,19.925,20.225,20.375,20.525
10/14/15,18.325,18.725,19.125,19.725,20.05,20.2,20.575,20.625,20.825
10/15/15,16.575,17.175,17.7,18.475,18.925,19.125,19.525,19.7,19.875
10/16/15,16.1,17.075,17.725,18.525,18.975,19.15,19.575,19.725,19.975
10/19/15,15.275,15.95,16.775,17.675,18.175,18.425,18.825,19.1,19.4
10/20/15,16.075,17.025,17.625,18.425,18.875,19.125,19.525,19.725,21.3
10/21/15,18.225,18.625,19.225,19.575,19.725,20.15,20.325,20.25,21.3
10/22/15,16.025,16.825,17.7,18.175,18.425,18.85,19.125,19.425,21.3
10/23/15,16.6,17.225,18.025,18.475,18.725,19.15,19.375,19.525,21.3
10/26/15,16.925,17.525,18.325,18.8,19.025,19.475,19.725,19.925,19.9
10/27/15,16.475,17.175,18,18.475,18.725,19.125,19.325,19.575,19.2
10/28/15,15.975,16.825,17.725,18.175,18.425,18.825,19.025,19.325,19.65
10/29/15,16.175,16.975,17.825,18.375,18.625,19.025,19.175,19.45,20
10/30/15,16.625,17.325,18.175,18.675,18.875,19.275,19.475,19.65,21.675
11/2/15,15.875,16.625,17.525,18.025,18.325,18.725,18.975,19.2,19.25
11/3/15,16.125,16.925,17.775,18.275,18.525,18.975,19.175,19.3,19.375
11/4/15,16.725,17.425,18.175,18.625,18.875,19.225,19.425,19.525,19.675
11/5/15,16.025,16.825,17.675,18.225,18.525,18.925,19.175,19.35,19.35
11/6/15,15.675,16.475,17.4,17.975,18.3,18.725,18.975,19.2,19.4
11/9/15,17.025,17.475,18.075,18.525,18.775,19.175,19.325,19.5,19.575
11/10/15,16.225,16.925,17.675,18.225,18.525,18.95,19.175,19.375,19.55
11/11/15,16.775,17.375,17.975,18.475,18.775,19.175,19.425,19.6,20.35
11/12/15,18.575,18.725,19.125,19.525,19.725,20.075,20.175,20.375,20.55
11/13/15,20.325,19.875,20.125,20.375,20.525,20.725,20.875,20.975,21.125
11/16/15,18.075,17.875,18.475,18.875,19.075,19.475,19.65,19.85,20.2
11/17/15,18.975,18.525,18.775,19.175,19.4,19.8,20.025,20.275,20.575
11/18/15,17.775,18.325,18.775,18.975,19.4,19.6,19.85,20.1,20.575
11/19/15,18.175,18.825,19.275,19.475,19.825,20,20.225,20.45,20.575
11/20/15,17.425,18.275,18.875,19.175,19.625,19.825,20.025,20.275,20.575
11/23/15,17.025,17.825,18.475,18.775,19.275,19.475,19.725,19.975,20.5
11/24/15,17.425,18.325,18.925,19.225,19.625,19.825,20.075,20.325,21.025
11/25/15,16.775,17.775,18.525,18.875,19.4,19.65,19.925,20.2,21.1
11/26/15,16.775,17.775,18.525,18.875,19.4,19.65,19.925,20.2,21.1
11/27/15,17.175,18.025,18.675,18.975,19.475,19.725,20.025,20.25,20.775
11/30/15,16.975,17.775,18.475,18.775,19.225,19.475,19.725,20.075,20.4
12/1/15,16.125,17.125,17.875,18.225,18.725,19.025,19.325,19.65,19.975
12/2/15,16.775,17.575,18.225,18.525,19.025,19.275,19.575,19.875,19.925
12/3/15,18.325,18.525,19.025,19.225,19.625,19.825,20.05,20.3,20.375
12/4/15,16.225,17.325,18.025,18.35,18.875,19.125,19.4,19.725,21.8
12/7/15,16.525,17.525,18.125,18.425,18.925,19.175,19.45,19.825,20.05
12/8/15,17.775,18.325,18.775,18.975,19.425,19.675,19.925,20.2,20.175
12/9/15,18.975,19.025,19.275,19.425,19.775,19.95,20.175,20.425,20.425
12/10/15,19.325,19.125,19.475,19.625,20.025,20.225,20.425,20.7,20.75
12/11/15,23.65,21.925,21.575,21.425,21.55,21.575,21.725,21.525,21.775
12/14/15,22.425,20.425,20.45,20.425,20.65,20.825,20.975,21.175,21.3
12/15/15,20.625,18.875,19.275,19.375,19.675,19.85,20.075,20.325,20.375
12/16/15,18.125,18.675,18.925,19.325,19.525,19.775,20.125,20.2,20.375
12/17/15,19.275,19.575,19.725,20.075,20.225,20.45,20.775,20.725,20.375
12/18/15,20.425,20.575,20.575,20.825,20.925,21.125,21.35,21.35,20.375
12/21/15,18.825,19.275,19.525,19.875,20.075,20.35,20.625,20.65,21
12/22/15,17.825,18.475,18.825,19.275,19.5,19.775,20.125,20.175,20.375
12/23/15,17.875,18.575,18.875,19.325,19.575,19.8,20.125,20.15,18.8
12/24/15,18.225,18.825,19.075,19.475,19.675,19.925,20.25,20.275,18.85
12/25/15,18.225,18.825,19.075,19.475,19.675,19.925,20.25,20.275,18.85
12/28/15,17.825,18.325,18.575,18.975,19.225,19.425,19.775,19.875,19.825
12/29/15,17.475,18.075,18.325,18.725,18.975,19.225,19.6,19.7,19.975
12/30/15,18.35,18.775,18.925,19.275,19.475,19.725,20.075,20.125,19.575
12/31/15,18.525,18.875,19.025,19.35,19.5,19.75,20.05,20.125,19.95
1/1/16,18.525,18.875,19.025,19.35,19.5,19.75,20.05,20.125,19.95
1/4/16,19.825,19.525,19.525,19.775,19.925,20.1,20.4,20.425,20.85
1/5/16,19.425,19.275,19.225,19.475,19.6,19.85,20.175,20.25,20.45
1/6/16,20.325,19.825,19.675,19.875,19.975,20.125,20.425,20.475,20.725
1/7/16,23.525,21.775,21.175,21.125,21.075,21.125,21.325,21.325,21.225
1/8/16,25.275,23.075,22.275,22.1,21.925,21.975,22.2,22.175,22.85
1/11/16,23.475,21.975,21.575,21.625,21.625,21.775,22.025,22,22.35
1/12/16,22.075,21.075,20.775,20.825,20.825,20.975,21.225,21.275,22.5
1/13/16,24.725,23.125,22.525,22.375,22.275,22.275,22.45,22.4,22.825
1/14/16,23.575,22.275,21.875,21.8,21.725,21.825,22.025,21.975,22.375
1/15/16,26.475,24.35,23.65,23.35,23.075,23.025,23.125,22.975,23.2
1/18/16,26.475,24.35,23.65,23.35,23.075,23.025,23.125,22.975,23.2
1/19/16,25.85,24.025,23.4,23.125,22.95,22.825,22.95,22.825,23.15
1/20/16,24.725,23.925,23.575,23.225,23.175,23.2,23.125,23.3,23.15
1/21/16,25.075,24.075,23.675,23.325,23.225,23.3,23.2,23.325,23.15
1/22/16,22.725,22.175,22.075,21.875,21.925,22.075,22.125,22.35,23.15
1/25/16,24.025,23.175,22.9,22.625,22.575,22.675,22.625,22.775,22.5
1/26/16,22.925,22.225,22.125,21.925,21.95,22.1,22.075,22.3,24
1/27/16,23.775,22.925,22.675,22.475,22.45,22.525,22.475,22.625,22.475
1/28/16,23.275,22.475,22.325,22.125,22.125,22.275,22.175,22.375,21.45
1/29/16,21.625,21.325,21.4,21.325,21.325,21.525,21.425,21.725,21.675
2/1/16,21.525,21.225,21.225,21.125,21.175,21.325,21.325,21.65,21.55
2/2/16,23.175,22.425,22.225,22,21.975,22.075,21.975,22.175,22.375
2/3/16,22.775,22.175,22.075,21.9,21.875,21.975,21.875,22.1,22.25
2/4/16,23.075,22.475,22.375,22.175,22.175,22.275,22.175,22.35,22.5
2/5/16,24.125,23.05,22.825,22.625,22.6,22.7,22.6,22.75,23.15
2/8/16,25.425,23.975,23.525,23.175,23.05,23.125,22.925,23.1,23.425
2/9/16,26.125,24.475,23.925,23.575,23.475,23.475,23.275,23.475,23.25
2/10/16,26.275,24.625,24.1,23.675,23.475,23.525,23.325,23.5,23.5
2/11/16,28.125,25.775,25.225,24.725,24.475,24.45,24.225,24.325,24.35
2/12/16,26.875,25.125,24.85,24.525,24.375,24.325,24.125,24.275,24.2
2/15/16,26.875,25.125,24.85,24.525,24.375,24.325,24.125,24.275,24.2
2/16/16,24.725,23.825,23.875,23.725,23.675,23.725,23.575,23.8,23.825
2/17/16,22.925,23.075,23.075,23.075,23.175,23.05,23.325,23.325,23.825
2/18/16,22.775,23.175,23.225,23.175,23.325,23.175,23.375,23.375,23.825
2/19/16,22.375,22.75,22.825,22.875,23.05,22.95,23.175,23.2,23.825
2/22/16,21.025,21.625,21.9,22.025,22.3,22.25,22.55,22.6,22.825
2/23/16,22.175,22.525,22.65,22.675,22.875,22.725,22.975,23.1,22.75
2/24/16,21.775,22.125,22.3,22.425,22.625,22.525,22.775,22.725,23.225
2/25/16,20.825,21.425,21.75,21.975,22.275,22.175,22.475,22.55,21.525
2/26/16,21.475,21.825,22.075,22.275,22.475,22.375,22.675,22.7,21.65
2/29/16,21.775,22.175,22.375,22.575,22.775,22.625,22.875,22.9,22.5
3/1/16,19.425,20.325,20.825,21.175,21.525,21.475,21.825,21.875,22.525
3/2/16,19.275,20.275,20.725,21.075,21.4,21.375,21.7,21.75,21.875
3/3/16,18.325,19.525,20.075,20.475,20.825,20.875,21.225,21.25,21.475
3/4/16,18.925,20.025,20.525,20.875,21.175,21.175,21.525,21.5,21.4
3/7/16,18.575,19.825,20.325,20.675,21.025,21.025,21.375,21.4,20.65
3/8/16,19.625,20.675,21.025,21.325,21.575,21.55,21.875,21.85,21.8
3/9/16,19.075,20.125,20.6,20.975,21.3,21.325,21.675,21.675,21.725
3/10/16,18.95,19.925,20.425,20.825,21.175,21.225,21.575,21.65,21.7
3/11/16,17.625,19.1,19.75,20.275,20.7,20.775,21.175,21.275,21.275
3/14/16,17.425,18.825,19.45,19.975,20.425,20.55,20.975,21.075,21.2
3/15/16,16.9,19.075,19.775,20.325,20.725,20.875,21.275,21.375,21.2
3/16/16,18.275,19.175,19.825,20.35,20.5,20.925,21.125,21.15,21.2
3/17/16,17.775,18.825,19.525,20.075,20.275,20.65,20.875,20.875,21.2
3/18/16,17.725,18.875,19.575,20.125,20.25,20.7,20.85,20.9,21.2
3/21/16,16.975,18.375,19.175,19.75,19.925,20.4,20.625,20.7,18.875
3/22/16,16.825,18.375,19.175,19.775,19.925,20.375,20.6,20.7,21.75
3/23/16,17.725,19.225,19.875,20.425,20.525,20.925,21.1,21.075,20.675
3/24/16,17.375,19.075,19.825,20.325,20.425,20.775,20.9,21,21.1
3/25/16,17.375,19.075,19.825,20.325,20.425,20.775,20.9,21,21.1
3/28/16,17.125,18.775,19.575,20.075,20.225,20.675,20.825,20.875,20.6
3/29/16,16.075,17.825,18.725,19.375,19.575,20.075,20.3,20.375,20.275
3/30/16,15.85,17.475,18.375,19.075,19.275,19.775,20.025,20.1,20.125
3/31/16,15.925,17.625,18.425,19.075,19.275,19.825,20.075,20.125,20.15
4/1/16,15.425,17.175,18.025,18.725,18.925,19.475,19.775,19.875,19.9
4/4/16,15.925,17.625,18.425,19.025,19.225,19.775,20.025,20.15,20.025
4/5/16,16.775,18.425,19.125,19.625,19.775,20.225,20.425,20.5,20.475
4/6/16,15.625,17.425,18.325,18.975,19.225,19.725,19.975,20.05,20.05
4/7/16,17.275,18.875,19.575,20.075,20.225,20.675,20.825,20.825,20.725
4/8/16,16.675,18.525,19.325,19.875,20.075,20.5,20.675,20.675,20.525
4/11/16,17.075,19.025,19.775,20.325,20.425,20.825,21.025,20.975,20.825
4/12/16,15.925,18.275,19.225,19.875,20.125,20.575,20.775,20.725,20.5
4/13/16,14.825,17.475,18.625,19.4,19.675,20.175,20.425,20.45,20.4
4/14/16,14.675,17.275,18.525,19.325,19.6,20.125,20.375,20.375,20.275
4/15/16,14.725,17.075,18.475,19.275,19.525,20.075,20.325,20.35,20.225
4/18/16,13.825,16.225,17.525,18.375,18.725,19.35,19.675,19.825,19.675
4/19/16,13.25,16.225,17.675,18.525,18.925,19.525,19.875,20.025,19.9
4/20/16,16.425,17.925,18.775,19.125,19.725,20.025,20.175,20.025,19.9
4/21/16,16.775,18.475,19.35,19.675,20.225,20.475,20.625,20.425,19.9
4/22/16,16.175,18.025,18.975,19.375,19.925,20.225,20.375,20.25,19.9
4/25/16,16.225,18.175,19.125,19.475,20.025,20.325,20.475,20.325,20.75
4/26/16,15.925,18.025,18.975,19.375,19.925,20.225,20.4,20.3,20.5
4/27/16,15.475,17.625,18.625,19.025,19.625,19.925,20.1,19.95,20.6
4/28/16,16.475,18.475,19.375,19.675,20.175,20.45,20.6,20.4,20.775
4/29/16,16.875,18.975,19.775,20.075,20.525,20.775,20.9,20.725,21.075
5/2/16,15.775,18.175,19.175,19.575,20.125,20.375,20.525,20.325,20.85
5/3/16,16.625,18.925,19.825,20.125,20.625,20.875,20.975,20.775,21.125
5/4/16,16.875,19.075,19.975,20.325,20.825,21.075,21.175,20.95,21.25
5/5/16,16.725,19.075,19.975,20.325,20.875,21.125,21.275,21.075,21.75
5/6/16,15.725,18.325,19.475,19.875,20.475,20.8,20.95,20.775,21.475
5/9/16,15.475,18.025,19.275,19.725,20.325,20.725,20.875,20.7,21.075
5/10/16,14.525,17.125,18.475,19.05,19.775,20.175,20.375,20.25,20.825
5/11/16,15.625,17.975,19.175,19.625,20.275,20.675,20.85,20.7,21.15
5/12/16,15.225,17.475,18.775,19.325,20.025,20.45,20.675,20.5,21
5/13/16,15.875,18.075,19.225,19.675,20.375,20.775,20.975,20.8,21.2
5/16/16,15.125,17.425,18.625,19.15,19.875,20.325,20.525,20.4,21.025
5/17/16,15.425,18,19.325,19.775,20.475,20.875,21.075,20.9,21.275
5/18/16,18.075,19.425,19.875,20.575,21.025,21.175,21.075,21.8,21.275
5/19/16,17.975,19.325,19.825,20.525,20.975,21.125,21.125,21.85,21.275
5/20/16,17.325,18.95,19.575,20.325,20.825,20.975,20.95,21.7,21.275
5/23/16,17.575,19.075,19.6,20.225,20.675,20.775,20.75,21.55,21
5/24/16,16.475,18.225,18.825,19.625,20.125,20.25,20.225,21,24
5/25/16,16.175,18.025,18.675,19.525,19.975,20.125,20.075,20.875,20.975
5/26/16,15.825,17.825,18.525,19.375,19.825,19.975,19.925,20.775,20.725
5/27/16,15.375,17.625,18.375,19.225,19.675,19.825,19.775,20.575,20.65
5/30/16,15.375,17.625,18.375,19.225,19.675,19.825,19.775,20.575,20.65
5/31/16,15.275,17.475,18.275,19.075,19.6,19.725,19.725,20.55,20.925
6/1/16,15.275,17.525,18.275,19.075,19.625,19.775,19.725,20.55,20.875
6/2/16,14.825,17.175,18.075,18.925,19.475,19.675,19.675,20.5,20.65
6/3/16,14.725,17.125,18.075,18.925,19.475,19.625,19.575,20.45,20.7
6/6/16,14.475,16.875,17.975,18.925,19.475,19.675,19.625,20.5,20.7
6/7/16,14.725,16.875,18.075,19,19.575,19.725,19.725,20.6,20.725
6/8/16,14.975,16.875,18.125,19.075,19.675,19.875,19.825,20.75,20.775
6/9/16,15.475,17.175,18.425,19.425,20.075,20.225,20.175,21.025,21
6/10/16,17.525,18.425,19.325,20.15,20.725,20.8,20.675,21.525,21.725
6/13/16,21.325,21.225,21.225,21.675,22.025,22.025,21.825,22.65,22.325
6/14/16,20.575,20.875,20.95,21.375,21.725,21.725,21.525,22.35,22.225
6/15/16,20.575,20.725,21.175,21.475,21.475,21.225,22.125,22.15,22.225
6/16/16,20.025,20.425,20.875,21.125,21.125,20.975,21.825,21.85,22.225
6/17/16,20.075,20.475,20.925,21.225,21.225,21.025,21.875,21.875,22.225
6/20/16,18.475,19.275,19.925,20.325,20.425,20.3,21.175,21.225,21.3
6/21/16,18.675,19.325,19.925,20.275,20.375,20.275,21.225,21.2,21.3
6/22/16,19.425,19.675,20.025,20.25,20.25,20.075,21.025,21.025,21.3
6/23/16,16.675,17.625,18.425,18.975,19.225,19.275,20.35,20.325,21.4
6/24/16,22.65,22.125,22.025,22,21.9,21.6,22.475,22.325,22.75
6/27/16,23.65,23.025,22.95,22.9,22.825,22.425,23.225,22.925,22.775
6/28/16,18.875,19.375,20.05,20.525,20.725,20.625,21.575,21.675,21.625
6/29/16,17.475,18.55,19.375,19.925,20.15,20.075,21.075,21.2,21.425
6/30/16,16.975,18.325,19.25,19.775,20.05,20.025,21.025,21.075,20.55
7/1/16,16.775,18.25,19.325,19.925,20.2,20.175,21.1,21.175,21.325
7/4/16,16.775,18.25,19.325,19.925,20.2,20.175,21.1,21.175,21.325
7/5/16,16.825,18.325,19.375,19.975,20.225,20.125,21.075,21.175,21.525
7/6/16,16.175,17.825,19.025,19.725,20.025,20.075,21.025,21.1,20.8
7/7/16,15.925,17.675,18.925,19.625,20,20.025,20.975,21.1,20.725
7/8/16,14.775,16.775,18.275,19.15,19.525,19.575,20.525,20.675,20.8
7/11/16,14.625,16.725,18.175,19.025,19.475,19.525,20.475,20.6,20.575
7/12/16,14.275,16.225,17.775,18.725,19.125,19.225,20.225,20.375,20.55
7/13/16,14.175,16.225,17.675,18.625,19.075,19.175,20.125,20.25,20.525
7/14/16,14.025,16.125,17.575,18.525,18.975,19.075,20.075,20.175,19.9
7/15/16,13.825,16.325,17.775,18.725,19.175,19.275,20.225,20.325,20.475
7/18/16,13.075,15.725,17.275,18.425,18.875,18.975,19.925,20.125,20.25
7/19/16,12.225,15.675,17.35,18.525,18.95,19.025,20,20.225,20.275
7/20/16,15.475,17.225,18.475,18.825,18.925,19.875,20.125,20.225,20.275
7/21/16,15.825,17.775,19,19.275,19.325,20.25,20.45,20.475,20.275
7/22/16,15.375,17.525,18.775,19.025,19.075,20.025,20.175,20.225,20.275
7/25/16,15.325,17.575,18.825,19.125,19.175,20.125,20.325,20.325,20.325
7/26/16,15.175,17.475,18.775,19.025,19.125,20.075,20.275,20.3,22.425
7/27/16,14.775,17.275,18.675,18.875,19.025,19.95,20.175,20.2,20.275
7/28/16,14.375,16.925,18.375,18.625,18.725,19.7,19.925,20.025,20.325
7/29/16,13.825,16.425,18.025,18.225,18.375,19.35,19.575,19.75,20.425
8/1/16,13.625,16.225,17.875,18.125,18.275,19.275,19.525,19.7,20.25
8/2/16,14.225,16.625,18.275,18.575,18.675,19.625,19.875,19.975,20.175
8/3/16,13.825,16.275,18,18.375,18.475,19.525,19.775,19.95,20.025
8/4/16,13.425,15.875,17.725,18.225,18.375,19.425,19.725,19.9,19.9
8/5/16,12.875,15.325,17.275,17.975,18.175,19.175,19.475,19.725,19.95
8/8/16,12.475,15.125,17,17.725,17.925,19,19.325,19.55,19.95
8/9/16,12.375,14.875,16.675,17.475,17.675,18.725,19.1,19.35,19.675
8/10/16,12.875,15.175,16.825,17.625,17.875,18.925,19.225,19.475,19.65
8/11/16,12.625,15.075,16.775,17.625,17.925,18.975,19.325,19.575,19.575
8/12/16,12.325,14.975,16.725,17.625,17.975,19.025,19.375,19.6,19.85
8/15/16,12.225,14.825,16.525,17.525,17.925,19.025,19.375,19.6,19.9
8/16/16,12.825,15.325,16.975,17.875,18.225,19.3,19.625,19.85,20.1
8/17/16,14.825,16.675,17.675,18.075,19.175,19.475,19.75,20.075,20.1
8/18/16,14.575,16.575,17.625,18.075,19.175,19.525,19.8,20.2,20.1
8/19/16,14.675,16.675,17.725,18.175,19.3,19.625,19.875,20.3,20.1
8/22/16,14.725,16.775,17.8,18.225,19.325,19.675,19.925,20.325,20.025
8/23/16,14.675,16.875,17.925,18.325,19.425,19.725,19.975,20.375,20.5
8/24/16,15.125,17.125,18.075,18.425,19.525,19.825,20.125,20.475,21
8/25/16,14.975,16.925,17.875,18.275,19.375,19.675,19.975,20.375,20.5
8/26/16,15.125,17.025,18.025,18.425,19.525,19.775,20.075,20.525,20.825
8/29/16,14.675,16.825,17.875,18.275,19.425,19.675,20,20.475,20.575
8/30/16,14.525,16.775,17.825,18.225,19.375,19.675,19.975,20.45,20.6
8/31/16,14.575,16.725,17.775,18.175,19.325,19.625,19.975,20.475,20.675
9/1/16,14.575,16.675,17.725,18.125,19.325,19.675,20.025,20.55,20.675
9/2/16,13.925,16.375,17.575,18.075,19.225,19.575,19.9,20.45,20.6
9/5/16,13.925,16.375,17.575,18.075,19.225,19.575,19.9,20.45,20.6
9/6/16,13.375,15.875,17.175,17.725,18.925,19.275,19.675,20.275,20.25
9/7/16,13.225,15.775,17.125,17.675,18.875,19.275,19.675,20.25,20.375
9/8/16,13.375,15.925,17.275,17.825,19.025,19.425,19.825,20.35,20.4
9/9/16,16.475,17.875,18.8,19.075,20.15,20.425,20.65,21.225,21.3
9/12/16,15.325,16.925,17.975,18.475,19.625,19.975,20.325,20.8,20.875
9/13/16,17.775,18.325,18.825,18.975,20.075,20.375,20.625,21.2,21.35
9/14/16,18.375,18.875,19.275,19.425,20.475,20.725,20.975,21.4,21.55
9/15/16,17.075,18.225,18.825,19.075,20.125,20.4,20.675,21.125,21.2
9/16/16,16.025,17.525,18.275,18.725,19.825,20.125,20.425,20.925,21.05
9/19/16,15.675,17.125,18.025,18.525,19.625,19.925,20.225,20.65,20.825
9/20/16,15.875,17.425,18.225,18.725,19.775,20.075,20.325,20.75,21
9/21/16,16.075,17.475,18.125,19.275,19.625,19.975,20.425,20.425,21
9/22/16,15.325,16.875,17.625,18.875,19.275,19.575,20.025,20.1,21
9/23/16,15.575,17.075,17.725,18.925,19.35,19.675,20.175,20.225,21
9/26/16,16.275,17.375,17.925,19.025,19.475,19.775,20.3,20.425,20.45
9/27/16,15.525,16.875,17.475,18.625,19.1,19.475,19.975,20.1,20.25
9/28/16,15.225,16.725,17.3,18.5,18.975,19.35,19.925,20,20.2
9/29/16,15.925,17.025,17.475,18.7,19.125,19.475,19.975,20.125,20.3
9/30/16,15.775,16.95,17.45,18.5,19.05,19.4,19.975,20.05,20.3
10/3/16,15.475,16.775,17.225,18.375,18.875,19.275,19.8,19.95,20.3
10/4/16,15.325,16.625,17.025,18.175,18.625,19.025,19.575,19.75,19.975
10/5/16,15.125,16.675,17.175,18.325,18.775,19.175,19.725,19.875,20.025
10/6/16,14.975,16.525,17.075,18.275,18.725,19.125,19.625,19.775,19.975
10/7/16,15.325,16.725,17.275,18.425,18.85,19.175,19.7,19.85,20.125
10/10/16,14.675,16.325,16.925,18.125,18.575,18.925,19.45,19.65,19.9
10/11/16,15.825,16.975,17.425,18.525,18.925,19.225,19.725,19.9,20.05
10/12/16,16.325,17.225,17.625,18.725,19.075,19.425,19.925,20.075,20.05
10/13/16,17.025,17.525,17.825,18.925,19.3,19.575,20.075,20.2,20.35
10/14/16,16.625,17.325,17.625,18.775,19.175,19.475,20,20.15,20.225
10/17/16,16.525,17.125,17.425,18.575,19.025,19.325,19.825,20.025,20.175
10/18/16,15.675,16.625,17.125,18.375,18.875,19.225,19.725,19.925,20.075
10/19/16,16.075,16.825,18.125,18.6,19,19.525,19.775,19.9,20.075
10/20/16,15.775,16.675,18.025,18.575,19.025,19.525,19.825,20,20.075
10/21/16,15.575,16.525,17.875,18.425,18.875,19.425,19.675,19.875,20.075
10/24/16,14.925,16.075,17.475,18.025,18.525,19.075,19.375,19.575,19.925
10/25/16,15.225,16.225,17.575,18.075,18.525,19.05,19.375,19.525,19.725
10/26/16,15.625,16.475,17.825,18.275,18.675,19.225,19.525,19.675,19.95
10/27/16,16.075,16.875,18.175,18.625,18.975,19.475,19.675,19.825,20
10/28/16,16.625,17.1,18.325,18.725,19.025,19.475,19.725,19.825,20.175
10/31/16,17.225,17.425,18.475,18.775,19.025,19.475,19.675,19.825,20.175
11/1/16,17.825,17.875,18.875,19.125,19.325,19.725,19.925,20.025,20.35
11/2/16,18.525,18.225,19.125,19.275,19.45,19.825,20.025,20.125,20.45
11/3/16,19.775,19.025,19.775,19.925,20.025,20.325,20.475,20.575,20.75
11/4/16,19.325,18.975,19.725,19.875,19.925,20.225,20.325,20.425,20.6
11/7/16,16.025,16.575,17.675,18.125,18.4,18.85,19.025,19.275,19.65
11/8/16,15.975,16.575,17.725,18.175,18.525,18.975,19.225,19.375,19.65
11/9/16,14.875,15.725,17.025,17.575,18,18.5,18.825,19,19.475
11/10/16,15.325,16.275,17.375,17.925,18.375,18.875,19.125,19.375,19.8
11/11/16,14.925,16.125,17.325,17.925,18.325,18.825,19.125,19.3,19.85
11/14/16,14.475,15.975,17.275,17.925,18.375,18.925,19.175,19.425,19.875
11/15/16,13.2,15.275,16.925,17.725,18.325,18.925,19.275,19.525,19.925
11/16/16,15.575,17.075,17.825,18.375,18.925,19.275,19.525,19.975,19.925
11/17/16,15.025,16.675,17.475,18.075,18.675,19.025,19.325,19.8,19.925
11/18/16,14.975,16.675,17.5,18.075,18.725,19.075,19.375,19.875,19.925
11/21/16,14.475,16.275,17.175,17.825,18.5,18.875,19.225,19.725,19.725
11/22/16,14.425,16.275,17.175,17.825,18.525,18.925,19.225,19.75,19.775
11/23/16,14.425,16.375,17.325,17.975,18.625,18.975,19.325,19.825,19.8
11/24/16,14.425,16.375,17.325,17.975,18.625,18.975,19.325,19.825,19.8
11/25/16,14.325,16.175,17.175,17.875,18.525,18.925,19.3,19.8,19.875
11/28/16,14.425,16.275,17.275,17.975,18.625,19.025,19.325,19.85,19.95
11/29/16,14.275,16.225,17.225,17.925,18.625,19.025,19.375,19.85,19.925
11/30/16,14.525,16.275,17.275,17.975,18.625,19.025,19.275,19.775,19.825
12/1/16,15.025,16.675,17.575,18.175,18.825,19.175,19.425,19.925,20.1
12/2/16,15.075,16.775,17.675,18.325,18.925,19.275,19.525,20,20.025
12/5/16,13.525,15.675,16.875,17.725,18.425,18.825,19.125,19.625,19.875
12/6/16,13.125,15.375,16.625,17.525,18.275,18.675,18.95,19.475,19.625
12/7/16,13.325,15.475,16.625,17.55,18.3,18.725,19.025,19.575,19.675
12/8/16,13.425,15.525,16.725,17.625,18.375,18.775,19.125,19.65,19.7
12/9/16,13.025,15.225,16.425,17.425,18.225,18.625,18.975,19.5,19.65
12/12/16,13.425,15.575,16.725,17.625,18.425,18.825,19.175,19.7,19.8
12/13/16,13.275,15.475,16.725,17.675,18.475,18.825,19.175,19.675,19.775
12/14/16,13.425,15.325,16.525,17.475,18.275,18.675,18.975,19.525,19.7